symbol,family,header,library,dll_or_runtime,package,status,min_client,docs_url,verified,notes
IMMDeviceEnumerator,MMDevice,mmdeviceapi.h,,Windows Core Audio COM runtime,Windows SDK,Public,Windows Vista,https://learn.microsoft.com/windows/win32/api/mmdeviceapi/nn-mmdeviceapi-immdeviceenumerator,2026-10-02,CoCreateInstance MMDeviceEnumerator; COM ABI; no direct DLL export or interface-specific import library asserted
IAudioClient,WASAPI,audioclient.h,,Windows Core Audio COM runtime,Windows SDK,Public,Windows Vista,https://learn.microsoft.com/windows/win32/api/audioclient/nn-audioclient-iaudioclient,2026-10-02,IMMDevice.Activate; COM ABI; no direct DLL export or interface-specific import library asserted
IAudioSessionManager2,AudioSession,audiopolicy.h,,Windows Core Audio COM runtime,Windows SDK,Public,Windows 7,https://learn.microsoft.com/windows/win32/api/audiopolicy/nn-audiopolicy-iaudiosessionmanager2,2026-10-02,IMMDevice.Activate; COM ABI; no direct DLL export or interface-specific import library asserted
IAudioEndpointVolume,EndpointVolume,endpointvolume.h,,Windows Core Audio COM runtime,Windows SDK,Public,Windows Vista,https://learn.microsoft.com/windows/win32/api/endpointvolume/nn-endpointvolume-iaudioendpointvolume,2026-10-02,IMMDevice.Activate; COM ABI; no direct DLL export or interface-specific import library asserted
IDeviceTopology,DeviceTopology,devicetopology.h,,Windows Core Audio COM runtime,Windows SDK,Public,Windows Vista,https://learn.microsoft.com/windows/win32/api/devicetopology/nn-devicetopology-idevicetopology,2026-10-02,IMMDevice.Activate; COM ABI; no direct DLL export or interface-specific import library asserted
ISpatialAudioClient,SpatialAudio,spatialaudioclient.h,,Windows Spatial Audio runtime,,Public,Windows 10 1703,https://learn.microsoft.com/windows/win32/api/spatialaudioclient/nn-spatialaudioclient-ispatialaudioclient,2026-10-02,Obtained from endpoint activation
ActivateAudioInterfaceAsync,MMDevice,mmdeviceapi.h,Mmdevapi.lib,Mmdevapi.dll,Windows SDK,Public,Windows 8,https://learn.microsoft.com/windows/win32/api/mmdeviceapi/nf-mmdeviceapi-activateaudiointerfaceasync,2026-10-02,Direct DLL function; distinct from IMMDevice.Activate and COM interface methods
RoGetActivationFactory,WinRT,roapi.h,RuntimeObject.lib,Combase.dll,,Public,,https://learn.microsoft.com/windows/win32/api/roapi/nf-roapi-rogetactivationfactory,2026-10-02,Foundation WinRT ABI; using it does not make an internal activatable class public
WindowsCreateString,WinRT,winstring.h,RuntimeObject.lib,Combase.dll,,Public,Windows 8,https://learn.microsoft.com/windows/win32/api/winstring/nf-winstring-windowscreatestring,2026-10-02,Creates HSTRING
PropVariantClear,PropertySystem,propvarutil.h,Ole32.lib,Ole32.dll,,Public,Windows 2000,https://learn.microsoft.com/windows/win32/api/propvarutil/nf-propvarutil-propvariantclear,2026-10-02,Use to clear PROPVARIANT values when required by ownership contract
MFStartup,MediaFoundation,mfapi.h,Mfplat.lib,Mfplat.dll,,Public,Windows Vista,https://learn.microsoft.com/windows/win32/api/mfapi/nf-mfapi-mfstartup,2026-10-02,Pair with MFShutdown
MFCreateSourceReaderFromURL,MediaFoundation,mfreadwrite.h,Mfreadwrite.lib,Mfreadwrite.dll,,Public,Windows 7 / Vista Platform Update,https://learn.microsoft.com/windows/win32/api/mfreadwrite/nf-mfreadwrite-mfcreatesourcereaderfromurl,2026-10-02,
MFCreateSinkWriterFromURL,MediaFoundation,mfreadwrite.h,Mfreadwrite.lib,Mfreadwrite.dll,,Public,Windows 7 / Vista Platform Update,https://learn.microsoft.com/windows/win32/api/mfreadwrite/nf-mfreadwrite-mfcreatesinkwriterfromurl,2026-10-02,
XAudio2Create,XAudio2,xaudio2.h,xaudio2.lib,Windows XAudio2 runtime,,Public,Windows 8,https://learn.microsoft.com/windows/win32/api/xaudio2/nf-xaudio2-xaudio2create,2026-10-02,Runtime version varies with Windows/XAudio2 generation
midiOutOpen,LegacyMIDI,mmeapi.h,Winmm.lib,Winmm.dll,,Legacy,Windows multimedia API,https://learn.microsoft.com/windows/win32/api/mmeapi/nf-mmeapi-midioutopen,2026-10-02,
midiInOpen,LegacyMIDI,mmeapi.h,Winmm.lib,Winmm.dll,,Legacy,Windows multimedia API,https://learn.microsoft.com/windows/win32/api/mmeapi/nf-mmeapi-midiinopen,2026-10-02,
MidiSession,WindowsMIDIServices,,,Windows MIDI Services,,Public-WinRT,Windows MIDI Services,https://github.com/microsoft/MIDI/blob/main/docs/sdk-reference/MidiSession.md,2026-10-02,Windows.Devices.Midi2 runtime API
CsWin32,InteropTooling,,,,Microsoft.Windows.CsWin32,Public,,https://github.com/microsoft/CsWin32,2026-10-02,Source-generates Win32 interop from Win32 metadata; not an audio runtime dependency
WIL,InteropTooling,,,,Microsoft.Windows.ImplementationLibrary,Public,,https://github.com/microsoft/wil,2026-10-02,C++ header-only Windows helper library; optional
SysVAD,DriverPlatform,WDK audio headers,,Kernel audio driver stack,Windows Driver Kit,Public-WDK,Windows driver platform,https://github.com/microsoft/Windows-driver-samples/tree/main/audio/sysvad,2026-10-02,Reference sample not runtime library
PortCls.sys,PortCls,portcls.h,Portcls.lib,Portcls.sys,Windows Driver Kit,Public-WDK,Windows driver platform,https://learn.microsoft.com/windows-hardware/drivers/audio/introduction-to-port-class,2026-10-02,System-supplied audio port-class driver and export library
PcNewPort,PortCls,portcls.h,Portcls.lib,Portcls.sys,Windows Driver Kit,Public-WDK,,https://learn.microsoft.com/windows-hardware/drivers/ddi/portcls/nf-portcls-pcnewport,2026-10-02,Creates system PortCls port-driver objects
IMiniportWaveRT,WaveRT,portcls.h,Portcls.lib,Portcls.sys,Windows Driver Kit,Public-WDK,Windows Vista,https://learn.microsoft.com/windows-hardware/drivers/ddi/portcls/nn-portcls-iminiportwavert,2026-10-02,Vendor implements miniport; PortCls provides matching IPortWaveRT
IPortWaveRT,WaveRT,portcls.h,Portcls.lib,Portcls.sys,Windows Driver Kit,Public-WDK,Windows Vista,https://learn.microsoft.com/windows-hardware/drivers/ddi/portcls/nn-portcls-iportwavert,2026-10-02,System-supplied port interface created with PcNewPort
IPortDMus,DirectMusicKernel,dmusicks.h,Portcls.lib,Portcls.sys,Windows Driver Kit,Legacy,,https://learn.microsoft.com/windows-hardware/drivers/ddi/dmusicks/nn-dmusicks-iportdmus,2026-10-02,PortCls implements DMus port interface; kernel DirectMusic is historical
IMiniportDMus,DirectMusicKernel,dmusicks.h,Portcls.lib,Portcls.sys,Windows Driver Kit,Legacy,,https://learn.microsoft.com/windows-hardware/drivers/ddi/dmusicks/nf-dmusicks-iminiportdmus-init,2026-10-02,Vendor miniport interface paired with IPortDMus
IAudioProcessingObject,APO,audioenginebaseapo.h,Audioenginebaseapo.idl,audiodg.exe / Windows Audio Engine,Windows SDK/WDK,Public-WDK,Windows Vista,https://learn.microsoft.com/windows/win32/api/audioenginebaseapo/nn-audioenginebaseapo-iaudioprocessingobject,2026-10-02,APO COM contract hosted by audio engine
IAudioSystemEffects3,APO,audioengineextensionapo.h,,audiodg.exe / Windows Audio Engine,Windows SDK/WDK,Public-WDK,Build 22000,https://learn.microsoft.com/windows/win32/api/audioengineextensionapo/nn-audioengineextensionapo-iaudiosystemeffects3,2026-10-02,Windows 11 CAPX interface
IAudioMediaType,APO,audiomediatype.h,,Windows Audio Engine,Windows SDK/WDK,Public-WDK,,https://learn.microsoft.com/windows/win32/api/audiomediatype/nn-audiomediatype-iaudiomediatype,2026-10-02,Audio media type used by APO format negotiation
IAudioProcessingObjectRTQueueService,APO,audioengineextensionapo.h,,RTWorkQ,Windows SDK/WDK,Public-WDK,Build 22000,https://learn.microsoft.com/windows/win32/api/audioengineextensionapo/nn-audioengineextensionapo-iaudioprocessingobjectrtqueueservice,2026-10-02,Uses rtworkq APIs after obtaining queue ID
AERT_Allocate,APO,baseaudioprocessingobject.h,Audioeng.lib,Audioeng.dll,Windows SDK/WDK,Public-WDK,Windows Vista,https://learn.microsoft.com/windows/win32/api/baseaudioprocessingobject/nf-baseaudioprocessingobject-aert_allocate,2026-10-02,Realtime-safe APO allocation helper
AERT_Free,APO,baseaudioprocessingobject.h,Audioeng.lib,Audioeng.dll,Windows SDK/WDK,Public-WDK,Windows Vista,https://learn.microsoft.com/windows/win32/api/baseaudioprocessingobject/nf-baseaudioprocessingobject-aert_free,2026-10-02,Pairs with AERT_Allocate
MMDeviceEnumerator,MMDevice,mmdeviceapi.h,,Windows Core Audio COM runtime,Windows SDK,Public,Windows Vista,https://learn.microsoft.com/windows/win32/coreaudio/mmdevice-api,2026-10-02,CoCreateInstance; COM ABI; no direct DLL export or interface-specific import library asserted
IMMDeviceCollection,MMDevice,mmdeviceapi.h,,Windows Core Audio COM runtime,Windows SDK,Public,Windows Vista,https://learn.microsoft.com/windows/win32/api/mmdeviceapi/nn-mmdeviceapi-immdevicecollection,2026-10-02,IMMDeviceEnumerator.EnumAudioEndpoints; COM ABI; no direct DLL export or interface-specific import library asserted
IMMDevice,MMDevice,mmdeviceapi.h,,Windows Core Audio COM runtime,Windows SDK,Public,Windows Vista,https://learn.microsoft.com/windows/win32/api/mmdeviceapi/nn-mmdeviceapi-immdevice,2026-10-02,IMMDeviceCollection.Item or GetDevice or GetDefaultAudioEndpoint; COM ABI; no direct DLL export or interface-specific import library asserted
IMMEndpoint,MMDevice,mmdeviceapi.h,,Windows Core Audio COM runtime,Windows SDK,Public,Windows Vista,https://learn.microsoft.com/windows/win32/api/mmdeviceapi/nn-mmdeviceapi-immendpoint,2026-10-02,QueryInterface from IMMDevice; COM ABI; no direct DLL export or interface-specific import library asserted
IMMNotificationClient,MMDevice,mmdeviceapi.h,,Application-provided COM callback,Windows SDK,Public,Windows Vista,https://learn.microsoft.com/windows/win32/api/mmdeviceapi/nn-mmdeviceapi-immnotificationclient,2026-10-02,Application implements this callback; no direct DLL export
IActivateAudioInterfaceAsyncOperation,MMDevice,mmdeviceapi.h,,Windows Core Audio COM runtime,Windows SDK,Public,Windows 8,https://learn.microsoft.com/windows/win32/api/mmdeviceapi/nn-mmdeviceapi-iactivateaudiointerfaceasyncoperation,2026-10-02,ActivateAudioInterfaceAsync; COM ABI; no direct DLL export or interface-specific import library asserted
IActivateAudioInterfaceCompletionHandler,MMDevice,mmdeviceapi.h,,Application-provided COM callback,Windows SDK,Public,Windows 8,https://learn.microsoft.com/windows/win32/api/mmdeviceapi/nn-mmdeviceapi-iactivateaudiointerfacecompletionhandler,2026-10-02,Application implements this callback; no direct DLL export
IAudioSystemEffectsPropertyStore,MMDevice,mmdeviceapi.h,,Windows Core Audio COM runtime,Windows SDK,Public,Build 22000,https://learn.microsoft.com/windows/win32/api/mmdeviceapi/nn-mmdeviceapi-iaudiosystemeffectspropertystore,2026-10-02,IMMDevice.Activate; COM ABI; no direct DLL export or interface-specific import library asserted
IAudioSystemEffectsPropertyChangeNotificationClient,MMDevice,mmdeviceapi.h,,Application-provided COM callback,Windows SDK,Public,Build 22000,https://learn.microsoft.com/windows/win32/api/mmdeviceapi/nn-mmdeviceapi-iaudiosystemeffectspropertychangenotificationclient,2026-10-02,Application implements this callback; no direct DLL export
IAudioClient2,WASAPI,audioclient.h,,Windows Core Audio COM runtime,Windows SDK,Public,Windows 8,https://learn.microsoft.com/windows/win32/api/audioclient/nn-audioclient-iaudioclient2,2026-10-02,QueryInterface from IAudioClient; COM ABI; no direct DLL export or interface-specific import library asserted
IAudioClient3,WASAPI,audioclient.h,,Windows Core Audio COM runtime,Windows SDK,Public,Windows 10,https://learn.microsoft.com/windows/win32/api/audioclient/nn-audioclient-iaudioclient3,2026-10-02,QueryInterface from IAudioClient2; COM ABI; no direct DLL export or interface-specific import library asserted
IAudioRenderClient,WASAPI,audioclient.h,,Windows Core Audio COM runtime,Windows SDK,Public,Windows Vista,https://learn.microsoft.com/windows/win32/api/audioclient/nn-audioclient-iaudiorenderclient,2026-10-02,IAudioClient.GetService; COM ABI; no direct DLL export or interface-specific import library asserted
IAudioCaptureClient,WASAPI,audioclient.h,,Windows Core Audio COM runtime,Windows SDK,Public,Windows Vista,https://learn.microsoft.com/windows/win32/api/audioclient/nn-audioclient-iaudiocaptureclient,2026-10-02,IAudioClient.GetService; COM ABI; no direct DLL export or interface-specific import library asserted
IAudioClock,WASAPI,audioclient.h,,Windows Core Audio COM runtime,Windows SDK,Public,Windows Vista,https://learn.microsoft.com/windows/win32/api/audioclient/nn-audioclient-iaudioclock,2026-10-02,IAudioClient.GetService; COM ABI; no direct DLL export or interface-specific import library asserted
IAudioClock2,WASAPI,audioclient.h,,Windows Core Audio COM runtime,Windows SDK,Public,Windows 7,https://learn.microsoft.com/windows/win32/api/audioclient/nn-audioclient-iaudioclock2,2026-10-02,QueryInterface from IAudioClock; COM ABI; no direct DLL export or interface-specific import library asserted
IAudioClockAdjustment,WASAPI,audioclient.h,,Windows Core Audio COM runtime,Windows SDK,Public,Windows 7,https://learn.microsoft.com/windows/win32/api/audioclient/nn-audioclient-iaudioclockadjustment,2026-10-02,IAudioClient.GetService with RATEADJUST stream flag; COM ABI; no direct DLL export or interface-specific import library asserted
IAudioStreamVolume,WASAPI,audioclient.h,,Windows Core Audio COM runtime,Windows SDK,Public,Windows Vista,https://learn.microsoft.com/windows/win32/api/audioclient/nn-audioclient-iaudiostreamvolume,2026-10-02,IAudioClient.GetService; COM ABI; no direct DLL export or interface-specific import library asserted
IChannelAudioVolume,WASAPI,audioclient.h,,Windows Core Audio COM runtime,Windows SDK,Public,Windows Vista,https://learn.microsoft.com/windows/win32/api/audioclient/nn-audioclient-ichannelaudiovolume,2026-10-02,IAudioClient.GetService; COM ABI; no direct DLL export or interface-specific import library asserted
ISimpleAudioVolume,WASAPI,audioclient.h,,Windows Core Audio COM runtime,Windows SDK,Public,Windows Vista,https://learn.microsoft.com/windows/win32/api/audioclient/nn-audioclient-isimpleaudiovolume,2026-10-02,IAudioClient.GetService or session manager; COM ABI; no direct DLL export or interface-specific import library asserted
IAudioClientDuckingControl,WASAPI,audioclient.h,,Windows Core Audio COM runtime,Windows SDK,Public,Build 20348,https://learn.microsoft.com/windows/win32/api/audioclient/nn-audioclient-iaudioclientduckingcontrol,2026-10-02,IAudioClient.GetService; COM ABI; no direct DLL export or interface-specific import library asserted
IAudioEffectsManager,WASAPI,audioclient.h,,Windows Core Audio COM runtime,Windows SDK,Public,Build 22000,https://learn.microsoft.com/windows/win32/api/audioclient/nn-audioclient-iaudioeffectsmanager,2026-10-02,IAudioClient.GetService; COM ABI; no direct DLL export or interface-specific import library asserted
IAudioEffectsChangedNotificationClient,WASAPI,audioclient.h,,Application-provided COM callback,Windows SDK,Public,Build 22000,https://learn.microsoft.com/windows/win32/api/audioclient/nn-audioclient-iaudioeffectschangednotificationclient,2026-10-02,Application implements this callback; no direct DLL export
IAudioViewManagerService,WASAPI,audioclient.h,,Windows Core Audio COM runtime,Windows SDK,Public,Build 22621,https://learn.microsoft.com/windows/win32/api/audioclient/nn-audioclient-iaudioviewmanagerservice,2026-10-02,IAudioClient.GetService; COM ABI; no direct DLL export or interface-specific import library asserted
IAcousticEchoCancellationControl,WASAPI,audioclient.h,,Windows Core Audio COM runtime,Windows SDK,Public,,https://learn.microsoft.com/windows/win32/api/audioclient/nn-audioclient-iacousticechocancellationcontrol,2026-10-02,IAudioClient.GetService; COM ABI; no direct DLL export or interface-specific import library asserted
IAudioSessionManager,AudioSession,audiopolicy.h,,Windows Core Audio COM runtime,Windows SDK,Public,Windows Vista,https://learn.microsoft.com/windows/win32/api/audiopolicy/nn-audiopolicy-iaudiosessionmanager,2026-10-02,IMMDevice.Activate; COM ABI; no direct DLL export or interface-specific import library asserted
IAudioSessionControl,AudioSession,audiopolicy.h,,Windows Core Audio COM runtime,Windows SDK,Public,Windows Vista,https://learn.microsoft.com/windows/win32/api/audiopolicy/nn-audiopolicy-iaudiosessioncontrol,2026-10-02,IAudioClient.GetService or IAudioSessionManager.GetAudioSessionControl; COM ABI; no direct DLL export or interface-specific import library asserted
IAudioSessionControl2,AudioSession,audiopolicy.h,,Windows Core Audio COM runtime,Windows SDK,Public,Windows 7,https://learn.microsoft.com/windows/win32/api/audiopolicy/nn-audiopolicy-iaudiosessioncontrol2,2026-10-02,QueryInterface from IAudioSessionControl; COM ABI; no direct DLL export or interface-specific import library asserted
IAudioSessionEnumerator,AudioSession,audiopolicy.h,,Windows Core Audio COM runtime,Windows SDK,Public,Windows 7,https://learn.microsoft.com/windows/win32/api/audiopolicy/nn-audiopolicy-iaudiosessionenumerator,2026-10-02,IAudioSessionManager2.GetSessionEnumerator; COM ABI; no direct DLL export or interface-specific import library asserted
IAudioSessionEvents,AudioSession,audiopolicy.h,,Application-provided COM callback,Windows SDK,Public,Windows Vista,https://learn.microsoft.com/windows/win32/api/audiopolicy/nn-audiopolicy-iaudiosessionevents,2026-10-02,Application implements this callback; no direct DLL export
IAudioSessionNotification,AudioSession,audiopolicy.h,,Application-provided COM callback,Windows SDK,Public,Windows 7,https://learn.microsoft.com/windows/win32/api/audiopolicy/nn-audiopolicy-iaudiosessionnotification,2026-10-02,Application implements this callback; no direct DLL export
IAudioVolumeDuckNotification,AudioSession,audiopolicy.h,,Application-provided COM callback,Windows SDK,Public,Windows 7,https://learn.microsoft.com/windows/win32/api/audiopolicy/nn-audiopolicy-iaudiovolumeducknotification,2026-10-02,Application implements this callback; no direct DLL export
IAudioEndpointVolumeEx,EndpointVolume,endpointvolume.h,,Windows Core Audio COM runtime,Windows SDK,Public,Windows Vista,https://learn.microsoft.com/windows/win32/api/endpointvolume/nn-endpointvolume-iaudioendpointvolumeex,2026-10-02,IMMDevice.Activate or QueryInterface; COM ABI; no direct DLL export or interface-specific import library asserted
IAudioEndpointVolumeCallback,EndpointVolume,endpointvolume.h,,Application-provided COM callback,Windows SDK,Public,Windows Vista,https://learn.microsoft.com/windows/win32/api/endpointvolume/nn-endpointvolume-iaudioendpointvolumecallback,2026-10-02,Application implements this callback; no direct DLL export
IAudioMeterInformation,EndpointVolume,endpointvolume.h,,Windows Core Audio COM runtime,Windows SDK,Public,Windows Vista,https://learn.microsoft.com/windows/win32/api/endpointvolume/nn-endpointvolume-iaudiometerinformation,2026-10-02,IMMDevice.Activate or QueryInterface from supported session object; COM ABI; no direct DLL export or interface-specific import library asserted
IConnector,DeviceTopology,devicetopology.h,,Windows Core Audio COM runtime,Windows SDK,Public,Windows Vista,https://learn.microsoft.com/windows/win32/api/devicetopology/nn-devicetopology-iconnector,2026-10-02,IDeviceTopology.GetConnector or IPart.QueryInterface; COM ABI; no direct DLL export or interface-specific import library asserted
IPart,DeviceTopology,devicetopology.h,,Windows Core Audio COM runtime,Windows SDK,Public,Windows Vista,https://learn.microsoft.com/windows/win32/api/devicetopology/nn-devicetopology-ipart,2026-10-02,Topology traversal; COM ABI; no direct DLL export or interface-specific import library asserted
IPartsList,DeviceTopology,devicetopology.h,,Windows Core Audio COM runtime,Windows SDK,Public,Windows Vista,https://learn.microsoft.com/windows/win32/api/devicetopology/nn-devicetopology-ipartslist,2026-10-02,IPart.EnumPartsIncoming or EnumPartsOutgoing; COM ABI; no direct DLL export or interface-specific import library asserted
ISubunit,DeviceTopology,devicetopology.h,,Windows Core Audio COM runtime,Windows SDK,Public,Windows Vista,https://learn.microsoft.com/windows/win32/api/devicetopology/nn-devicetopology-isubunit,2026-10-02,QueryInterface from IPart; COM ABI; no direct DLL export or interface-specific import library asserted
IControlInterface,DeviceTopology,devicetopology.h,,Windows Core Audio COM runtime,Windows SDK,Public,Windows Vista,https://learn.microsoft.com/windows/win32/api/devicetopology/nn-devicetopology-icontrolinterface,2026-10-02,IPart.GetControlInterface; COM ABI; no direct DLL export or interface-specific import library asserted
IKsJackDescription,DeviceTopology,devicetopology.h,,Windows Core Audio COM runtime,Windows SDK,Public,Windows Vista,https://learn.microsoft.com/windows/win32/api/devicetopology/nn-devicetopology-iksjackdescription,2026-10-02,QueryInterface from relevant topology part; COM ABI; no direct DLL export or interface-specific import library asserted
IKsJackDescription2,DeviceTopology,devicetopology.h,,Windows Core Audio COM runtime,Windows SDK,Public,Windows 7,https://learn.microsoft.com/windows/win32/api/devicetopology/nn-devicetopology-iksjackdescription2,2026-10-02,QueryInterface from relevant topology part; COM ABI; no direct DLL export or interface-specific import library asserted
IKsJackSinkInformation,DeviceTopology,devicetopology.h,,Windows Core Audio COM runtime,Windows SDK,Public,,https://learn.microsoft.com/windows/win32/api/devicetopology/nn-devicetopology-iksjacksinkinformation,2026-10-02,QueryInterface from display-related connector; COM ABI; no direct DLL export or interface-specific import library asserted
IKsFormatSupport,DeviceTopology,devicetopology.h,,Windows Core Audio COM runtime,Windows SDK,Public,,https://learn.microsoft.com/windows/win32/api/devicetopology/nn-devicetopology-iksformatsupport,2026-10-02,QueryInterface from topology part; COM ABI; no direct DLL export or interface-specific import library asserted
IAudioVolumeLevel,DeviceTopology,devicetopology.h,,Windows Core Audio COM runtime,Windows SDK,Public,Windows Vista,https://learn.microsoft.com/windows/win32/api/devicetopology/nn-devicetopology-iaudiovolumelevel,2026-10-02,IPart.Activate; COM ABI; no direct DLL export or interface-specific import library asserted
IAudioMute,DeviceTopology,devicetopology.h,,Windows Core Audio COM runtime,Windows SDK,Public,Windows Vista,https://learn.microsoft.com/windows/win32/api/devicetopology/nn-devicetopology-iaudiomute,2026-10-02,IPart.Activate; COM ABI; no direct DLL export or interface-specific import library asserted
IAudioAutoGainControl,DeviceTopology,devicetopology.h,,Windows Core Audio COM runtime,Windows SDK,Public,Windows Vista,https://learn.microsoft.com/windows/win32/api/devicetopology/nn-devicetopology-iaudioautogaincontrol,2026-10-02,IPart.Activate; COM ABI; no direct DLL export or interface-specific import library asserted
IAudioBass,DeviceTopology,devicetopology.h,,Windows Core Audio COM runtime,Windows SDK,Public,Windows Vista,https://learn.microsoft.com/windows/win32/api/devicetopology/nn-devicetopology-iaudiobass,2026-10-02,IPart.Activate; COM ABI; no direct DLL export or interface-specific import library asserted
IAudioTreble,DeviceTopology,devicetopology.h,,Windows Core Audio COM runtime,Windows SDK,Public,Windows Vista,https://learn.microsoft.com/windows/win32/api/devicetopology/nn-devicetopology-iaudiotreble,2026-10-02,IPart.Activate; COM ABI; no direct DLL export or interface-specific import library asserted
IAudioLoudness,DeviceTopology,devicetopology.h,,Windows Core Audio COM runtime,Windows SDK,Public,Windows Vista,https://learn.microsoft.com/windows/win32/api/devicetopology/nn-devicetopology-iaudioloudness,2026-10-02,IPart.Activate; COM ABI; no direct DLL export or interface-specific import library asserted
IAudioInputSelector,DeviceTopology,devicetopology.h,,Windows Core Audio COM runtime,Windows SDK,Public,Windows Vista,https://learn.microsoft.com/windows/win32/api/devicetopology/nn-devicetopology-iaudioinputselector,2026-10-02,IPart.Activate; COM ABI; no direct DLL export or interface-specific import library asserted
IAudioOutputSelector,DeviceTopology,devicetopology.h,,Windows Core Audio COM runtime,Windows SDK,Public,Windows Vista,https://learn.microsoft.com/windows/win32/api/devicetopology/nn-devicetopology-iaudiooutputselector,2026-10-02,IPart.Activate; COM ABI; no direct DLL export or interface-specific import library asserted
IAudioChannelConfig,DeviceTopology,devicetopology.h,,Windows Core Audio COM runtime,Windows SDK,Public,Windows Vista,https://learn.microsoft.com/windows/win32/api/devicetopology/nn-devicetopology-iaudiochannelconfig,2026-10-02,IPart.Activate; COM ABI; no direct DLL export or interface-specific import library asserted
IDeviceSpecificProperty,DeviceTopology,devicetopology.h,,Windows Core Audio COM runtime,Windows SDK,Public,Windows Vista,https://learn.microsoft.com/windows/win32/api/devicetopology/nn-devicetopology-idevicespecificproperty,2026-10-02,IPart.Activate; COM ABI; no direct DLL export or interface-specific import library asserted
IPerChannelDbLevel,DeviceTopology,devicetopology.h,,Windows Core Audio COM runtime,Windows SDK,Public,Windows Vista,https://learn.microsoft.com/windows/win32/api/devicetopology/nn-devicetopology-iperchanneldblevel,2026-10-02,Base for dB-level controls; COM ABI; no direct DLL export or interface-specific import library asserted
IAudioMidrange,DeviceTopology,devicetopology.h,,Windows Core Audio COM runtime,Windows SDK,Public,Windows Vista,https://learn.microsoft.com/windows/win32/api/devicetopology/nn-devicetopology-iaudiomidrange,2026-10-02,IPart.Activate; COM ABI; no direct DLL export or interface-specific import library asserted
IAudioPeakMeter,DeviceTopology,devicetopology.h,,Windows Core Audio COM runtime,Windows SDK,Public,Windows Vista,https://learn.microsoft.com/windows/win32/api/devicetopology/nn-devicetopology-iaudiopeakmeter,2026-10-02,IPart.Activate; COM ABI; no direct DLL export or interface-specific import library asserted
IControlChangeNotify,DeviceTopology,devicetopology.h,,Application-provided COM callback,Windows SDK,Public,Windows Vista,https://learn.microsoft.com/windows/win32/api/devicetopology/nn-devicetopology-icontrolchangenotify,2026-10-02,Application implements this callback; no direct DLL export
IAudioStateMonitor,AudioStateMonitor,audiostatemonitorapi.h,,Windows Core Audio COM runtime,Windows SDK,Public,Build 19043,https://learn.microsoft.com/windows/win32/api/audiostatemonitorapi/nn-audiostatemonitorapi-iaudiostatemonitor,2026-10-02,Create*AudioStateMonitor; COM ABI; no direct DLL export or interface-specific import library asserted
CreateCaptureAudioStateMonitor,AudioStateMonitor,audiostatemonitorapi.h,windows.media.mediacontrol.lib,Windows audio-state monitor runtime,Windows SDK,Public,Build 19043,https://learn.microsoft.com/windows/win32/api/audiostatemonitorapi/nf-audiostatemonitorapi-createcaptureaudiostatemonitor,2026-10-02,Microsoft Learn specifies the import library but no DLL; factory returns IAudioStateMonitor
CreateCaptureAudioStateMonitorForCategory,AudioStateMonitor,audiostatemonitorapi.h,windows.media.mediacontrol.lib,Windows audio-state monitor runtime,Windows SDK,Public,Build 19043,https://learn.microsoft.com/windows/win32/api/audiostatemonitorapi/nf-audiostatemonitorapi-createcaptureaudiostatemonitorforcategory,2026-10-02,Microsoft Learn specifies the import library but no DLL; factory returns IAudioStateMonitor
CreateCaptureAudioStateMonitorForCategoryAndDeviceId,AudioStateMonitor,audiostatemonitorapi.h,windows.media.mediacontrol.lib,Windows audio-state monitor runtime,Windows SDK,Public,Build 19043,https://learn.microsoft.com/windows/win32/api/audiostatemonitorapi/nf-audiostatemonitorapi-createcaptureaudiostatemonitorforcategoryanddeviceid,2026-10-02,Microsoft Learn specifies the import library but no DLL; factory returns IAudioStateMonitor
CreateCaptureAudioStateMonitorForCategoryAndDeviceRole,AudioStateMonitor,audiostatemonitorapi.h,windows.media.mediacontrol.lib,Windows audio-state monitor runtime,Windows SDK,Public,Build 19043,https://learn.microsoft.com/windows/win32/api/audiostatemonitorapi/nf-audiostatemonitorapi-createcaptureaudiostatemonitorforcategoryanddevicerole,2026-10-02,Microsoft Learn specifies the import library but no DLL; factory returns IAudioStateMonitor
CreateRenderAudioStateMonitor,AudioStateMonitor,audiostatemonitorapi.h,windows.media.mediacontrol.lib,Windows audio-state monitor runtime,Windows SDK,Public,Build 19043,https://learn.microsoft.com/windows/win32/api/audiostatemonitorapi/nf-audiostatemonitorapi-createrenderaudiostatemonitor,2026-10-02,Microsoft Learn specifies the import library but no DLL; factory returns IAudioStateMonitor
CreateRenderAudioStateMonitorForCategory,AudioStateMonitor,audiostatemonitorapi.h,windows.media.mediacontrol.lib,Windows audio-state monitor runtime,Windows SDK,Public,Build 19043,https://learn.microsoft.com/windows/win32/api/audiostatemonitorapi/nf-audiostatemonitorapi-createrenderaudiostatemonitorforcategory,2026-10-02,Microsoft Learn specifies the import library but no DLL; factory returns IAudioStateMonitor
CreateRenderAudioStateMonitorForCategoryAndDeviceId,AudioStateMonitor,audiostatemonitorapi.h,windows.media.mediacontrol.lib,Windows audio-state monitor runtime,Windows SDK,Public,Build 19043,https://learn.microsoft.com/windows/win32/api/audiostatemonitorapi/nf-audiostatemonitorapi-createrenderaudiostatemonitorforcategoryanddeviceid,2026-10-02,Microsoft Learn specifies the import library but no DLL; factory returns IAudioStateMonitor
CreateRenderAudioStateMonitorForCategoryAndDeviceRole,AudioStateMonitor,audiostatemonitorapi.h,windows.media.mediacontrol.lib,Windows audio-state monitor runtime,Windows SDK,Public,Build 19043,https://learn.microsoft.com/windows/win32/api/audiostatemonitorapi/nf-audiostatemonitorapi-createrenderaudiostatemonitorforcategoryanddevicerole,2026-10-02,Microsoft Learn specifies the import library but no DLL; factory returns IAudioStateMonitor
CoInitializeEx,COM,combaseapi.h,Ole32.lib,Ole32.dll,Windows SDK,Public,Windows 2000,https://learn.microsoft.com/windows/win32/api/combaseapi/nf-combaseapi-coinitializeex,2026-10-02,Initialize COM on the calling thread; successful calls including S_FALSE must be balanced with CoUninitialize; include Objbase.h
CoUninitialize,COM,combaseapi.h,Ole32.lib,Ole32.dll,Windows SDK,Public,Windows 2000,https://learn.microsoft.com/windows/win32/api/combaseapi/nf-combaseapi-couninitialize,2026-10-02,Balance successful COM initialization on the same thread after releasing COM objects; include Objbase.h
CoCreateInstance,COM,combaseapi.h,Ole32.lib,Ole32.dll,Windows SDK,Public,Windows 2000,https://learn.microsoft.com/windows/win32/api/combaseapi/nf-combaseapi-cocreateinstance,2026-10-02,Creates the MMDeviceEnumerator coclass; interface methods themselves are COM vtable calls; include Objbase.h
CoTaskMemFree,COM,combaseapi.h,Ole32.lib,Ole32.dll,Windows SDK,Public,Windows 2000,https://learn.microsoft.com/windows/win32/api/combaseapi/nf-combaseapi-cotaskmemfree,2026-10-02,Free Core Audio output allocations only when the individual API ownership contract requires the COM task allocator; include Objbase.h
