type,member,member_kind,namespace,status,min_client,purpose,docs_url,verified,notes
MidiSession,SessionId,property,Windows.Devices.Midi2,Public-WinRT,Windows MIDI Services,GUID identifying session,https://github.com/microsoft/MIDI/blob/main/docs/sdk-reference/MidiSession.md,2026-10-02,
MidiSession,Name,property,Windows.Devices.Midi2,Public-WinRT,Windows MIDI Services,Session name registered with MIDI service,https://github.com/microsoft/MIDI/blob/main/docs/sdk-reference/MidiSession.md,2026-10-02,
MidiSession,IsOpen,property,Windows.Devices.Midi2,Public-WinRT,Windows MIDI Services,Whether session is open and ready,https://github.com/microsoft/MIDI/blob/main/docs/sdk-reference/MidiSession.md,2026-10-02,
MidiSession,Connections,property,Windows.Devices.Midi2,Public-WinRT,Windows MIDI Services,Map of endpoint connections owned by session,https://github.com/microsoft/MIDI/blob/main/docs/sdk-reference/MidiSession.md,2026-10-02,
MidiSession,Create,static_method,Windows.Devices.Midi2,Public-WinRT,Windows MIDI Services,Creates named MIDI session,https://github.com/microsoft/MIDI/blob/main/docs/sdk-reference/MidiSession.md,2026-10-02,
MidiSession,CreateEndpointConnection,method,Windows.Devices.Midi2,Public-WinRT,Windows MIDI Services,Creates not-yet-open endpoint connection,https://github.com/microsoft/MIDI/blob/main/docs/sdk-reference/MidiSession.md,2026-10-02,
MidiSession,DisconnectEndpointConnection,method,Windows.Devices.Midi2,Public-WinRT,Windows MIDI Services,Closes connection and removes it from session map,https://github.com/microsoft/MIDI/blob/main/docs/sdk-reference/MidiSession.md,2026-10-02,
MidiSession,UpdateName,method,Windows.Devices.Midi2,Public-WinRT,Windows MIDI Services,Changes session name locally and in service,https://github.com/microsoft/MIDI/blob/main/docs/sdk-reference/MidiSession.md,2026-10-02,
MidiSession,Close,method,Windows.Devices.Midi2,Public-WinRT,Windows MIDI Services,Closes session and all endpoint connections,https://github.com/microsoft/MIDI/blob/main/docs/sdk-reference/MidiSession.md,2026-10-02,Prefer DisconnectEndpointConnection when removing one connection so session map stays synchronized
MidiEndpointConnection,ConnectionId,property,Windows.Devices.Midi2,Public-WinRT,Windows MIDI Services,GUID identifying connection,https://github.com/microsoft/MIDI/blob/main/docs/sdk-reference/MidiEndpointConnection.md,2026-10-02,
MidiEndpointConnection,ConnectedEndpointDeviceId,property,Windows.Devices.Midi2,Public-WinRT,Windows MIDI Services,Endpoint device ID for this connection,https://github.com/microsoft/MIDI/blob/main/docs/sdk-reference/MidiEndpointConnection.md,2026-10-02,
MidiEndpointConnection,LogMessageDataValidationErrorDetails,property,Windows.Devices.Midi2,Public-WinRT,Windows MIDI Services,Enables detailed invalid-message ETW logging,https://github.com/microsoft/MIDI/blob/main/docs/sdk-reference/MidiEndpointConnection.md,2026-10-02,
MidiEndpointConnection,Tag,property,Windows.Devices.Midi2,Public-WinRT,Windows MIDI Services,Application-defined data associated with connection,https://github.com/microsoft/MIDI/blob/main/docs/sdk-reference/MidiEndpointConnection.md,2026-10-02,
MidiEndpointConnection,IsOpen,property,Windows.Devices.Midi2,Public-WinRT,Windows MIDI Services,Whether endpoint connection is open,https://github.com/microsoft/MIDI/blob/main/docs/sdk-reference/MidiEndpointConnection.md,2026-10-02,
MidiEndpointConnection,Settings,property,Windows.Devices.Midi2,Public-WinRT,Windows MIDI Services,Settings used to create connection,https://github.com/microsoft/MIDI/blob/main/docs/sdk-reference/MidiEndpointConnection.md,2026-10-02,
MidiEndpointConnection,MessageProcessingPlugins,property,Windows.Devices.Midi2,Public-WinRT,Windows MIDI Services,Collection of message processing plugins attached to connection,https://github.com/microsoft/MIDI/blob/main/docs/sdk-reference/MidiEndpointConnection.md,2026-10-02,
MidiEndpointConnection,GetDeviceSelector,static_method,Windows.Devices.Midi2,Public-WinRT,Windows MIDI Services,Returns DeviceInformation selector for compatible MIDI endpoints,https://github.com/microsoft/MIDI/blob/main/docs/sdk-reference/MidiEndpointConnection.md,2026-10-02,
MidiEndpointConnection,SendMessageSucceeded,static_method,Windows.Devices.Midi2,Public-WinRT,Windows MIDI Services,Tests send result for success,https://github.com/microsoft/MIDI/blob/main/docs/sdk-reference/MidiEndpointConnection.md,2026-10-02,
MidiEndpointConnection,SendMessageFailed,static_method,Windows.Devices.Midi2,Public-WinRT,Windows MIDI Services,Tests send result for failure,https://github.com/microsoft/MIDI/blob/main/docs/sdk-reference/MidiEndpointConnection.md,2026-10-02,
MidiEndpointConnection,Open,method,Windows.Devices.Midi2,Public-WinRT,Windows MIDI Services,Opens connection and begins message flow,https://github.com/microsoft/MIDI/blob/main/docs/sdk-reference/MidiEndpointConnection.md,2026-10-02,
MidiEndpointConnection,AddMessageProcessingPlugin,method,Windows.Devices.Midi2,Public-WinRT,Windows MIDI Services,Adds message processing plugin,https://github.com/microsoft/MIDI/blob/main/docs/sdk-reference/MidiEndpointConnection.md,2026-10-02,
MidiEndpointConnection,RemoveMessageProcessingPlugin,method,Windows.Devices.Midi2,Public-WinRT,Windows MIDI Services,Removes plugin by ID,https://github.com/microsoft/MIDI/blob/main/docs/sdk-reference/MidiEndpointConnection.md,2026-10-02,
MidiEndpointConnection,GetSupportedMaxMidiWordsPerTransmission,method,Windows.Devices.Midi2,Public-WinRT,Windows MIDI Services,Returns maximum MIDI words accepted by one transmission,https://github.com/microsoft/MIDI/blob/main/docs/sdk-reference/MidiEndpointConnection.md,2026-10-02,
MidiEndpointConnection,SendSingleMessagePacket,method,Windows.Devices.Midi2,Public-WinRT,Windows MIDI Services,Sends one complete UMP packet object,https://github.com/microsoft/MIDI/blob/main/docs/sdk-reference/MidiEndpointConnection.md,2026-10-02,
MidiEndpointConnection,SendSingleMessageStruct,method,Windows.Devices.Midi2,Public-WinRT,Windows MIDI Services,Sends one UMP stored in MidiMessageStruct,https://github.com/microsoft/MIDI/blob/main/docs/sdk-reference/MidiEndpointConnection.md,2026-10-02,
MidiEndpointConnection,SendSingleMessageWordArray,method,Windows.Devices.Midi2,Public-WinRT,Windows MIDI Services,Sends one UMP from word array,https://github.com/microsoft/MIDI/blob/main/docs/sdk-reference/MidiEndpointConnection.md,2026-10-02,
MidiEndpointConnection,SendSingleMessageWords,method,Windows.Devices.Midi2,Public-WinRT,Windows MIDI Services,Sends one UMP from 1 to 4 words,https://github.com/microsoft/MIDI/blob/main/docs/sdk-reference/MidiEndpointConnection.md,2026-10-02,
MidiEndpointConnection,SendSingleMessageBuffer,method,Windows.Devices.Midi2,Public-WinRT,Windows MIDI Services,Sends one UMP from IMemoryBuffer,https://github.com/microsoft/MIDI/blob/main/docs/sdk-reference/MidiEndpointConnection.md,2026-10-02,
MidiEndpointConnection,SendMultipleMessagesBuffer,method,Windows.Devices.Midi2,Public-WinRT,Windows MIDI Services,Sends multiple complete UMPs from buffer,https://github.com/microsoft/MIDI/blob/main/docs/sdk-reference/MidiEndpointConnection.md,2026-10-02,
MidiEndpointConnection,SendMultipleMessagesWordArray,method,Windows.Devices.Midi2,Public-WinRT,Windows MIDI Services,Sends multiple complete UMPs from word array,https://github.com/microsoft/MIDI/blob/main/docs/sdk-reference/MidiEndpointConnection.md,2026-10-02,
MidiEndpointConnection,SendMultipleMessagesWordList,method,Windows.Devices.Midi2,Public-WinRT,Windows MIDI Services,Copies and sends iterable list of UMP words,https://github.com/microsoft/MIDI/blob/main/docs/sdk-reference/MidiEndpointConnection.md,2026-10-02,
MidiEndpointConnection,SendMultipleMessagesStructList,method,Windows.Devices.Midi2,Public-WinRT,Windows MIDI Services,Copies and sends iterable MidiMessageStruct messages,https://github.com/microsoft/MIDI/blob/main/docs/sdk-reference/MidiEndpointConnection.md,2026-10-02,
MidiEndpointConnection,SendMultipleMessagesStructArray,method,Windows.Devices.Midi2,Public-WinRT,Windows MIDI Services,Sends array of MidiMessageStruct messages,https://github.com/microsoft/MIDI/blob/main/docs/sdk-reference/MidiEndpointConnection.md,2026-10-02,
MidiEndpointConnection,SendMultipleMessagesPacketList,method,Windows.Devices.Midi2,Public-WinRT,Windows MIDI Services,Sends packet list preserving per-packet timestamps,https://github.com/microsoft/MIDI/blob/main/docs/sdk-reference/MidiEndpointConnection.md,2026-10-02,
MidiEndpointConnection,MessageReceived,event,Windows.Devices.Midi2,Public-WinRT,Windows MIDI Services,Raised for each received MIDI message,https://github.com/microsoft/MIDI/blob/main/docs/sdk-reference/MidiEndpointConnection.md,2026-10-02,Keep handler fast because connection waits before delivering next message
MidiEndpointConnection,EndpointDeviceDisconnected,event,Windows.Devices.Midi2,Public-WinRT,Windows MIDI Services,Raised when connected endpoint disconnects,https://github.com/microsoft/MIDI/blob/main/docs/sdk-reference/MidiEndpointConnection.md,2026-10-02,
MidiEndpointConnection,EndpointDeviceReconnected,event,Windows.Devices.Midi2,Public-WinRT,Windows MIDI Services,Raised after reconnect when automatic reconnect is enabled,https://github.com/microsoft/MIDI/blob/main/docs/sdk-reference/MidiEndpointConnection.md,2026-10-02,
MidiClock,Now,static_property,Windows.Devices.Midi2,Public-WinRT,Windows MIDI Services,Current Windows MIDI Services timestamp,https://github.com/microsoft/MIDI/blob/main/docs/sdk-reference/MidiClock.md,2026-10-02,
MidiClock,TimestampFrequency,static_property,Windows.Devices.Midi2,Public-WinRT,Windows MIDI Services,Timestamp ticks per second,https://github.com/microsoft/MIDI/blob/main/docs/sdk-reference/MidiClock.md,2026-10-02,
MidiClock,TimestampConstantSendImmediately,static_property,Windows.Devices.Midi2,Public-WinRT,Windows MIDI Services,Zero timestamp constant meaning send immediately,https://github.com/microsoft/MIDI/blob/main/docs/sdk-reference/MidiClock.md,2026-10-02,
MidiClock,TimestampConstantMessageQueueMaximumFutureTicks,static_property,Windows.Devices.Midi2,Public-WinRT,Windows MIDI Services,Maximum supported future scheduling offset in ticks,https://github.com/microsoft/MIDI/blob/main/docs/sdk-reference/MidiClock.md,2026-10-02,
MidiClock,ConvertTimestampTicksToNanoseconds,static_method,Windows.Devices.Midi2,Public-WinRT,Windows MIDI Services,Converts MIDI timestamp ticks to nanoseconds,https://github.com/microsoft/MIDI/blob/main/docs/sdk-reference/MidiClock.md,2026-10-02,
MidiClock,ConvertTimestampTicksToMicroseconds,static_method,Windows.Devices.Midi2,Public-WinRT,Windows MIDI Services,Converts ticks to microseconds,https://github.com/microsoft/MIDI/blob/main/docs/sdk-reference/MidiClock.md,2026-10-02,
MidiClock,ConvertTimestampTicksToMilliseconds,static_method,Windows.Devices.Midi2,Public-WinRT,Windows MIDI Services,Converts ticks to milliseconds,https://github.com/microsoft/MIDI/blob/main/docs/sdk-reference/MidiClock.md,2026-10-02,
MidiClock,ConvertTimestampTicksToSeconds,static_method,Windows.Devices.Midi2,Public-WinRT,Windows MIDI Services,Converts ticks to seconds,https://github.com/microsoft/MIDI/blob/main/docs/sdk-reference/MidiClock.md,2026-10-02,
MidiClock,OffsetTimestampByTicks,static_method,Windows.Devices.Midi2,Public-WinRT,Windows MIDI Services,Offsets timestamp by ticks,https://github.com/microsoft/MIDI/blob/main/docs/sdk-reference/MidiClock.md,2026-10-02,
MidiClock,OffsetTimestampByMicroseconds,static_method,Windows.Devices.Midi2,Public-WinRT,Windows MIDI Services,Offsets timestamp by microseconds,https://github.com/microsoft/MIDI/blob/main/docs/sdk-reference/MidiClock.md,2026-10-02,
MidiClock,OffsetTimestampByMilliseconds,static_method,Windows.Devices.Midi2,Public-WinRT,Windows MIDI Services,Offsets timestamp by milliseconds,https://github.com/microsoft/MIDI/blob/main/docs/sdk-reference/MidiClock.md,2026-10-02,
MidiClock,OffsetTimestampBySeconds,static_method,Windows.Devices.Midi2,Public-WinRT,Windows MIDI Services,Offsets timestamp by seconds,https://github.com/microsoft/MIDI/blob/main/docs/sdk-reference/MidiClock.md,2026-10-02,
MidiClock,GetCurrentSystemTimerInfo,static_method,Windows.Devices.Midi2,Public-WinRT,Windows MIDI Services,Gets current Windows timer-period information,https://github.com/microsoft/MIDI/blob/main/docs/sdk-reference/MidiClock.md,2026-10-02,
MidiClock,BeginLowLatencySystemTimerPeriod,static_method,Windows.Devices.Midi2,Public-WinRT,Windows MIDI Services,Requests low-latency timer period for calling process,https://github.com/microsoft/MIDI/blob/main/docs/sdk-reference/MidiClock.md,2026-10-02,Begin/End calls must be balanced
MidiClock,EndLowLatencySystemTimerPeriod,static_method,Windows.Devices.Midi2,Public-WinRT,Windows MIDI Services,Ends matching low-latency timer-period request,https://github.com/microsoft/MIDI/blob/main/docs/sdk-reference/MidiClock.md,2026-10-02,Begin/End calls must be balanced
MidiEndpointDeviceInformation,EndpointDeviceId,property,Windows.Devices.Midi2.Enumeration,Public-WinRT,Windows MIDI Services,MIDI endpoint device-interface ID used to create a connection,https://github.com/microsoft/MIDI/blob/main/docs/sdk-reference/Enumeration/MidiEndpointDeviceInformation.md,2026-10-02,
MidiEndpointDeviceInformation,Name,property,Windows.Devices.Midi2.Enumeration,Public-WinRT,Windows MIDI Services,User-facing endpoint name chosen from available naming sources,https://github.com/microsoft/MIDI/blob/main/docs/sdk-reference/Enumeration/MidiEndpointDeviceInformation.md,2026-10-02,
MidiEndpointDeviceInformation,ContainerId,property,Windows.Devices.Midi2.Enumeration,Public-WinRT,Windows MIDI Services,Windows device container GUID,https://github.com/microsoft/MIDI/blob/main/docs/sdk-reference/Enumeration/MidiEndpointDeviceInformation.md,2026-10-02,
MidiEndpointDeviceInformation,DeviceInstanceId,property,Windows.Devices.Midi2.Enumeration,Public-WinRT,Windows MIDI Services,Windows device instance ID,https://github.com/microsoft/MIDI/blob/main/docs/sdk-reference/Enumeration/MidiEndpointDeviceInformation.md,2026-10-02,
MidiEndpointDeviceInformation,EndpointPurpose,property,Windows.Devices.Midi2.Enumeration,Public-WinRT,Windows MIDI Services,Declared purpose used primarily for filtering,https://github.com/microsoft/MIDI/blob/main/docs/sdk-reference/Enumeration/MidiEndpointDeviceInformation.md,2026-10-02,
MidiEndpointDeviceInformation,ParentDeviceInstanceId,property,Windows.Devices.Midi2.Enumeration,Public-WinRT,Windows MIDI Services,Parent device instance ID,https://github.com/microsoft/MIDI/blob/main/docs/sdk-reference/Enumeration/MidiEndpointDeviceInformation.md,2026-10-02,
MidiEndpointDeviceInformation,DeclaredEndpointInfoLastUpdateTime,property,Windows.Devices.Midi2.Enumeration,Public-WinRT,Windows MIDI Services,Last update time for discovered endpoint info,https://github.com/microsoft/MIDI/blob/main/docs/sdk-reference/Enumeration/MidiEndpointDeviceInformation.md,2026-10-02,
MidiEndpointDeviceInformation,DeclaredDeviceIdentityLastUpdateTime,property,Windows.Devices.Midi2.Enumeration,Public-WinRT,Windows MIDI Services,Last update time for discovered device identity,https://github.com/microsoft/MIDI/blob/main/docs/sdk-reference/Enumeration/MidiEndpointDeviceInformation.md,2026-10-02,
MidiEndpointDeviceInformation,DeclaredStreamConfigurationLastUpdateTime,property,Windows.Devices.Midi2.Enumeration,Public-WinRT,Windows MIDI Services,Last protocol-negotiation stream configuration update,https://github.com/microsoft/MIDI/blob/main/docs/sdk-reference/Enumeration/MidiEndpointDeviceInformation.md,2026-10-02,
MidiEndpointDeviceInformation,DeclaredFunctionBlocksLastUpdateTime,property,Windows.Devices.Midi2.Enumeration,Public-WinRT,Windows MIDI Services,Last discovered function-block update,https://github.com/microsoft/MIDI/blob/main/docs/sdk-reference/Enumeration/MidiEndpointDeviceInformation.md,2026-10-02,
MidiEndpointDeviceInformation,Midi1PortNamingApproach,property,Windows.Devices.Midi2.Enumeration,Public-WinRT,Windows MIDI Services,Approach used to create MIDI 1.0 port names,https://github.com/microsoft/MIDI/blob/main/docs/sdk-reference/Enumeration/MidiEndpointDeviceInformation.md,2026-10-02,
MidiEndpointDeviceInformation,IsMuted,property,Windows.Devices.Midi2.Enumeration,Public-WinRT,Windows MIDI Services,Whether endpoint is muted by configuration,https://github.com/microsoft/MIDI/blob/main/docs/sdk-reference/Enumeration/MidiEndpointDeviceInformation.md,2026-10-02,
MidiEndpointDeviceInformation,IsEndpointDiscoveryComplete,property,Windows.Devices.Midi2.Enumeration,Public-WinRT,Windows MIDI Services,Whether endpoint discovery completed or timed out,https://github.com/microsoft/MIDI/blob/main/docs/sdk-reference/Enumeration/MidiEndpointDeviceInformation.md,2026-10-02,
MidiEndpointDeviceInformation,Properties,property,Windows.Devices.Midi2.Enumeration,Public-WinRT,Windows MIDI Services,Raw Windows device properties,https://github.com/microsoft/MIDI/blob/main/docs/sdk-reference/Enumeration/MidiEndpointDeviceInformation.md,2026-10-02,Raw property IDs are internal details and should not be treated as stable SDK contract
MidiEndpointDeviceInformation,GetDeclaredEndpointInfo,method,Windows.Devices.Midi2.Enumeration,Public-WinRT,Windows MIDI Services,Returns saved endpoint information from discovery,https://github.com/microsoft/MIDI/blob/main/docs/sdk-reference/Enumeration/MidiEndpointDeviceInformation.md,2026-10-02,
MidiEndpointDeviceInformation,GetDeclaredDeviceIdentity,method,Windows.Devices.Midi2.Enumeration,Public-WinRT,Windows MIDI Services,Returns saved MIDI device identity,https://github.com/microsoft/MIDI/blob/main/docs/sdk-reference/Enumeration/MidiEndpointDeviceInformation.md,2026-10-02,
MidiEndpointDeviceInformation,GetDeclaredStreamConfiguration,method,Windows.Devices.Midi2.Enumeration,Public-WinRT,Windows MIDI Services,Returns saved negotiated stream configuration,https://github.com/microsoft/MIDI/blob/main/docs/sdk-reference/Enumeration/MidiEndpointDeviceInformation.md,2026-10-02,
MidiEndpointDeviceInformation,GetDeclaredFunctionBlocks,method,Windows.Devices.Midi2.Enumeration,Public-WinRT,Windows MIDI Services,Returns saved function blocks,https://github.com/microsoft/MIDI/blob/main/docs/sdk-reference/Enumeration/MidiEndpointDeviceInformation.md,2026-10-02,
MidiEndpointDeviceInformation,GetGroupTerminalBlocks,method,Windows.Devices.Midi2.Enumeration,Public-WinRT,Windows MIDI Services,Returns USB group terminal blocks,https://github.com/microsoft/MIDI/blob/main/docs/sdk-reference/Enumeration/MidiEndpointDeviceInformation.md,2026-10-02,
MidiEndpointDeviceInformation,GetUserSuppliedInfo,method,Windows.Devices.Midi2.Enumeration,Public-WinRT,Windows MIDI Services,Returns user-supplied endpoint info,https://github.com/microsoft/MIDI/blob/main/docs/sdk-reference/Enumeration/MidiEndpointDeviceInformation.md,2026-10-02,
MidiEndpointDeviceInformation,GetTransportSuppliedInfo,method,Windows.Devices.Midi2.Enumeration,Public-WinRT,Windows MIDI Services,Returns transport-supplied endpoint info,https://github.com/microsoft/MIDI/blob/main/docs/sdk-reference/Enumeration/MidiEndpointDeviceInformation.md,2026-10-02,
MidiEndpointDeviceInformation,GetParentDeviceInformation,method,Windows.Devices.Midi2.Enumeration,Public-WinRT,Windows MIDI Services,Returns parent device information,https://github.com/microsoft/MIDI/blob/main/docs/sdk-reference/Enumeration/MidiEndpointDeviceInformation.md,2026-10-02,
MidiEndpointDeviceInformation,GetContainerDeviceInformation,method,Windows.Devices.Midi2.Enumeration,Public-WinRT,Windows MIDI Services,Returns container DeviceInformation object,https://github.com/microsoft/MIDI/blob/main/docs/sdk-reference/Enumeration/MidiEndpointDeviceInformation.md,2026-10-02,
MidiEndpointDeviceInformation,GetNameTable,method,Windows.Devices.Midi2.Enumeration,Public-WinRT,Windows MIDI Services,Returns possible MIDI 1.0 port names,https://github.com/microsoft/MIDI/blob/main/docs/sdk-reference/Enumeration/MidiEndpointDeviceInformation.md,2026-10-02,
MidiEndpointDeviceInformation,EndpointInterfaceClass,static_property,Windows.Devices.Midi2.Enumeration,Public-WinRT,Windows MIDI Services,Interface class GUID used by MIDI endpoint IDs,https://github.com/microsoft/MIDI/blob/main/docs/sdk-reference/Enumeration/MidiEndpointDeviceInformation.md,2026-10-02,
MidiEndpointDeviceInformation,CreateFromEndpointDeviceId,static_method,Windows.Devices.Midi2.Enumeration,Public-WinRT,Windows MIDI Services,Creates MIDI endpoint information from endpoint ID,https://github.com/microsoft/MIDI/blob/main/docs/sdk-reference/Enumeration/MidiEndpointDeviceInformation.md,2026-10-02,
MidiEndpointDeviceInformation,FindAll,static_method,Windows.Devices.Midi2.Enumeration,Public-WinRT,Windows MIDI Services,Synchronously enumerates MIDI endpoint devices,https://github.com/microsoft/MIDI/blob/main/docs/sdk-reference/Enumeration/MidiEndpointDeviceInformation.md,2026-10-02,
MidiEndpointDeviceInformation,FindAllForContainer,static_method,Windows.Devices.Midi2.Enumeration,Public-WinRT,Windows MIDI Services,Returns endpoints in a device container,https://github.com/microsoft/MIDI/blob/main/docs/sdk-reference/Enumeration/MidiEndpointDeviceInformation.md,2026-10-02,
MidiEndpointDeviceInformation,DeviceMatchesFilter,static_method,Windows.Devices.Midi2.Enumeration,Public-WinRT,Windows MIDI Services,Tests endpoint information against endpoint-type filter,https://github.com/microsoft/MIDI/blob/main/docs/sdk-reference/Enumeration/MidiEndpointDeviceInformation.md,2026-10-02,
MidiEndpointDeviceInformation,GetAdditionalPropertiesList,static_method,Windows.Devices.Midi2.Enumeration,Public-WinRT,Windows MIDI Services,Returns additional properties needed for custom enumeration,https://github.com/microsoft/MIDI/blob/main/docs/sdk-reference/Enumeration/MidiEndpointDeviceInformation.md,2026-10-02,
