interface,method,header,status,min_client,purpose,docs_url,verified,notes
IAudioEndpointVolume,RegisterControlChangeNotify,endpointvolume.h,Public,Windows Vista,Registers endpoint volume callback,https://learn.microsoft.com/windows/win32/api/endpointvolume/nf-endpointvolume-iaudioendpointvolume-registercontrolchangenotify,2026-10-02,
IAudioEndpointVolume,UnregisterControlChangeNotify,endpointvolume.h,Public,Windows Vista,Unregisters endpoint volume callback,https://learn.microsoft.com/windows/win32/api/endpointvolume/nf-endpointvolume-iaudioendpointvolume-unregistercontrolchangenotify,2026-10-02,
IAudioEndpointVolume,GetChannelCount,endpointvolume.h,Public,Windows Vista,Returns number of endpoint volume channels,https://learn.microsoft.com/windows/win32/api/endpointvolume/nf-endpointvolume-iaudioendpointvolume-getchannelcount,2026-10-02,
IAudioEndpointVolume,SetMasterVolumeLevel,endpointvolume.h,Public,Windows Vista,Sets endpoint master level in dB,https://learn.microsoft.com/windows/win32/api/endpointvolume/nf-endpointvolume-iaudioendpointvolume-setmastervolumelevel,2026-10-02,
IAudioEndpointVolume,SetMasterVolumeLevelScalar,endpointvolume.h,Public,Windows Vista,Sets normalized audio-tapered master volume scalar,https://learn.microsoft.com/windows/win32/api/endpointvolume/nf-endpointvolume-iaudioendpointvolume-setmastervolumelevelscalar,2026-10-02,
IAudioEndpointVolume,GetMasterVolumeLevel,endpointvolume.h,Public,Windows Vista,Gets endpoint master level in dB,https://learn.microsoft.com/windows/win32/api/endpointvolume/nf-endpointvolume-iaudioendpointvolume-getmastervolumelevel,2026-10-02,
IAudioEndpointVolume,GetMasterVolumeLevelScalar,endpointvolume.h,Public,Windows Vista,Gets normalized audio-tapered master scalar,https://learn.microsoft.com/windows/win32/api/endpointvolume/nf-endpointvolume-iaudioendpointvolume-getmastervolumelevelscalar,2026-10-02,
IAudioEndpointVolume,SetChannelVolumeLevel,endpointvolume.h,Public,Windows Vista,Sets one endpoint channel level in dB,https://learn.microsoft.com/windows/win32/api/endpointvolume/nf-endpointvolume-iaudioendpointvolume-setchannelvolumelevel,2026-10-02,
IAudioEndpointVolume,SetChannelVolumeLevelScalar,endpointvolume.h,Public,Windows Vista,Sets one endpoint channel normalized scalar,https://learn.microsoft.com/windows/win32/api/endpointvolume/nf-endpointvolume-iaudioendpointvolume-setchannelvolumelevelscalar,2026-10-02,
IAudioEndpointVolume,GetChannelVolumeLevel,endpointvolume.h,Public,Windows Vista,Gets one endpoint channel level in dB,https://learn.microsoft.com/windows/win32/api/endpointvolume/nf-endpointvolume-iaudioendpointvolume-getchannelvolumelevel,2026-10-02,
IAudioEndpointVolume,GetChannelVolumeLevelScalar,endpointvolume.h,Public,Windows Vista,Gets one endpoint channel normalized scalar,https://learn.microsoft.com/windows/win32/api/endpointvolume/nf-endpointvolume-iaudioendpointvolume-getchannelvolumelevelscalar,2026-10-02,
IAudioEndpointVolume,SetMute,endpointvolume.h,Public,Windows Vista,Sets endpoint mute state,https://learn.microsoft.com/windows/win32/api/endpointvolume/nf-endpointvolume-iaudioendpointvolume-setmute,2026-10-02,
IAudioEndpointVolume,GetMute,endpointvolume.h,Public,Windows Vista,Gets endpoint mute state,https://learn.microsoft.com/windows/win32/api/endpointvolume/nf-endpointvolume-iaudioendpointvolume-getmute,2026-10-02,
IAudioEndpointVolume,GetVolumeStepInfo,endpointvolume.h,Public,Windows Vista,Returns current step and total step count,https://learn.microsoft.com/windows/win32/api/endpointvolume/nf-endpointvolume-iaudioendpointvolume-getvolumestepinfo,2026-10-02,
IAudioEndpointVolume,VolumeStepUp,endpointvolume.h,Public,Windows Vista,Increments volume by one endpoint step,https://learn.microsoft.com/windows/win32/api/endpointvolume/nf-endpointvolume-iaudioendpointvolume-volumestepup,2026-10-02,
IAudioEndpointVolume,VolumeStepDown,endpointvolume.h,Public,Windows Vista,Decrements volume by one endpoint step,https://learn.microsoft.com/windows/win32/api/endpointvolume/nf-endpointvolume-iaudioendpointvolume-volumestepdown,2026-10-02,
IAudioEndpointVolume,QueryHardwareSupport,endpointvolume.h,Public,Windows Vista,Returns hardware support flags for volume mute and meter,https://learn.microsoft.com/windows/win32/api/endpointvolume/nf-endpointvolume-iaudioendpointvolume-queryhardwaresupport,2026-10-02,
IAudioEndpointVolume,GetVolumeRange,endpointvolume.h,Public,Windows Vista,Returns endpoint minimum maximum and increment in dB,https://learn.microsoft.com/windows/win32/api/endpointvolume/nf-endpointvolume-iaudioendpointvolume-getvolumerange,2026-10-02,
IAudioMeterInformation,GetPeakValue,endpointvolume.h,Public,Windows Vista,Returns current master peak value,https://learn.microsoft.com/windows/win32/api/endpointvolume/nf-endpointvolume-iaudiometerinformation-getpeakvalue,2026-10-02,
IAudioMeterInformation,GetMeteringChannelCount,endpointvolume.h,Public,Windows Vista,Returns number of metering channels,https://learn.microsoft.com/windows/win32/api/endpointvolume/nf-endpointvolume-iaudiometerinformation-getmeteringchannelcount,2026-10-02,
IAudioMeterInformation,GetChannelsPeakValues,endpointvolume.h,Public,Windows Vista,Returns per-channel peak values,https://learn.microsoft.com/windows/win32/api/endpointvolume/nf-endpointvolume-iaudiometerinformation-getchannelspeakvalues,2026-10-02,
IAudioMeterInformation,QueryHardwareSupport,endpointvolume.h,Public,Windows Vista,Returns hardware metering support flags,https://learn.microsoft.com/windows/win32/api/endpointvolume/nf-endpointvolume-iaudiometerinformation-queryhardwaresupport,2026-10-02,
IAudioEndpointVolumeCallback,OnNotify,endpointvolume.h,Public,Windows Vista,Receives AUDIO_VOLUME_NOTIFICATION_DATA after endpoint volume or mute change,https://learn.microsoft.com/windows/win32/api/endpointvolume/nf-endpointvolume-iaudioendpointvolumecallback-onnotify,2026-10-02,
IAudioEndpointVolumeEx,GetVolumeRangeChannel,endpointvolume.h,Public,Windows 7,Gets minimum maximum and increment values for one endpoint channel,https://learn.microsoft.com/windows/win32/api/endpointvolume/nn-endpointvolume-iaudioendpointvolumeex,2026-10-02,
