source,relation,target,family,status,min_client,purpose,docs_url,verified,notes
MMDeviceEnumerator,CoCreateInstance,IMMDeviceEnumerator,MMDevice,Public,Windows Vista,Creates the Core Audio endpoint enumerator,https://learn.microsoft.com/windows/win32/coreaudio/mmdevice-api,2026-10-02,
IMMDeviceEnumerator,EnumAudioEndpoints,IMMDeviceCollection,MMDevice,Public,Windows Vista,Enumerates endpoint collection for flow/state filter,https://learn.microsoft.com/windows/win32/api/mmdeviceapi/nf-mmdeviceapi-immdeviceenumerator-enumaudioendpoints,2026-10-02,
IMMDeviceEnumerator,GetDefaultAudioEndpoint,IMMDevice,MMDevice,Public,Windows Vista,Returns default endpoint for flow and role,https://learn.microsoft.com/windows/win32/api/mmdeviceapi/nf-mmdeviceapi-immdeviceenumerator-getdefaultaudioendpoint,2026-10-02,
IMMDeviceEnumerator,GetDevice,IMMDevice,MMDevice,Public,Windows Vista,Resolves endpoint ID to device object,https://learn.microsoft.com/windows/win32/api/mmdeviceapi/nf-mmdeviceapi-immdeviceenumerator-getdevice,2026-10-02,
IMMDeviceCollection,Item,IMMDevice,MMDevice,Public,Windows Vista,Returns endpoint object by collection index,https://learn.microsoft.com/windows/win32/api/mmdeviceapi/nf-mmdeviceapi-immdevicecollection-item,2026-10-02,
IMMDevice,OpenPropertyStore,IPropertyStore,MMDevice,Public,Windows Vista,Opens endpoint property store,https://learn.microsoft.com/windows/win32/api/mmdeviceapi/nf-mmdeviceapi-immdevice-openpropertystore,2026-10-02,
IMMDevice,QueryInterface,IMMEndpoint,MMDevice,Public,Windows Vista,Obtains endpoint data-flow interface,https://learn.microsoft.com/windows/win32/api/mmdeviceapi/nn-mmdeviceapi-immendpoint,2026-10-02,
IMMDevice,Activate,IAudioClient,WASAPI,Public,Windows Vista,Activates endpoint audio-client interface,https://learn.microsoft.com/windows/win32/api/mmdeviceapi/nf-mmdeviceapi-immdevice-activate,2026-10-02,
IMMDevice,Activate,IAudioSessionManager2,AudioSession,Public,Windows 7,Activates endpoint session manager,https://learn.microsoft.com/windows/win32/api/audiopolicy/nn-audiopolicy-iaudiosessionmanager2,2026-10-02,
IMMDevice,Activate,IAudioEndpointVolume,EndpointVolume,Public,Windows Vista,Activates endpoint master-volume interface,https://learn.microsoft.com/windows/win32/api/endpointvolume/nn-endpointvolume-iaudioendpointvolume,2026-10-02,
IMMDevice,Activate,IAudioMeterInformation,EndpointVolume,Public,Windows Vista,Activates endpoint peak-meter interface,https://learn.microsoft.com/windows/win32/api/endpointvolume/nn-endpointvolume-iaudiometerinformation,2026-10-02,
IMMDevice,Activate,IDeviceTopology,DeviceTopology,Public,Windows Vista,Activates device-topology interface,https://learn.microsoft.com/windows/win32/api/devicetopology/nn-devicetopology-idevicetopology,2026-10-02,
IMMDevice,Activate,ISpatialAudioClient,SpatialAudio,Public,Windows 10 version 1703,Activates spatial-audio client on endpoint,https://learn.microsoft.com/windows/win32/api/spatialaudioclient/nn-spatialaudioclient-ispatialaudioclient,2026-10-02,
IMMDeviceEnumerator,RegisterEndpointNotificationCallback,IMMNotificationClient,MMDevice,Public,Windows Vista,Registers endpoint-change callback,https://learn.microsoft.com/windows/win32/api/mmdeviceapi/nf-mmdeviceapi-immdeviceenumerator-registerendpointnotificationcallback,2026-10-02,
IAudioClient,GetService,IAudioRenderClient,WASAPI,Public,,Gets render buffer service,https://learn.microsoft.com/windows/win32/api/audioclient/nn-audioclient-iaudiorenderclient,2026-10-02,
IAudioClient,GetService,IAudioCaptureClient,WASAPI,Public,,Gets capture packet service,https://learn.microsoft.com/windows/win32/api/audioclient/nn-audioclient-iaudiocaptureclient,2026-10-02,
IAudioClient,GetService,IAudioClock,WASAPI,Public,,Gets audio clock service,https://learn.microsoft.com/windows/win32/api/audioclient/nn-audioclient-iaudioclock,2026-10-02,
IAudioClient,GetService,IAudioStreamVolume,WASAPI,Public,,Gets per-stream channel volume service,https://learn.microsoft.com/windows/win32/api/audioclient/nn-audioclient-iaudiostreamvolume,2026-10-02,
IAudioClient,GetService,ISimpleAudioVolume,WASAPI,Public,,Gets session master-volume service,https://learn.microsoft.com/windows/win32/api/audioclient/nn-audioclient-isimpleaudiovolume,2026-10-02,
IAudioClient,GetService,IChannelAudioVolume,WASAPI,Public,,Gets session per-channel volume service,https://learn.microsoft.com/windows/win32/api/audioclient/nn-audioclient-ichannelaudiovolume,2026-10-02,
IAudioClient,GetService,IAudioClientDuckingControl,WASAPI,Public,,Gets stream ducking-control service,https://learn.microsoft.com/windows/win32/api/audioclient/nn-audioclient-iaudioclientduckingcontrol,2026-10-02,
IAudioClient,GetService,IAudioEffectsManager,WASAPI,Public,,Gets stream effects manager,https://learn.microsoft.com/windows/win32/api/audioclient/nn-audioclient-iaudioeffectsmanager,2026-10-02,
IAudioClient,GetService,IAudioViewManagerService,WASAPI,Public,,Gets stream-to-window association service,https://learn.microsoft.com/windows/win32/api/audioclient/nn-audioclient-iaudioviewmanagerservice,2026-10-02,
IAudioClient,GetService,IAcousticEchoCancellationControl,WASAPI,Public,,Gets AEC-control service when supported,https://learn.microsoft.com/windows/win32/api/audioclient/nn-audioclient-iacousticechocancellationcontrol,2026-10-02,
IAudioClient,QueryInterface,IAudioClient2,WASAPI,Public,Windows 8,Obtains IAudioClient2 extension,https://learn.microsoft.com/windows/win32/api/audioclient/nn-audioclient-iaudioclient2,2026-10-02,
IAudioClient2,QueryInterface,IAudioClient3,WASAPI,Public,Windows 10,Obtains IAudioClient3 extension,https://learn.microsoft.com/windows/win32/api/audioclient/nn-audioclient-iaudioclient3,2026-10-02,
IAudioClock,QueryInterface,IAudioClock2,WASAPI,Public,Windows 7,Obtains device-position clock extension,https://learn.microsoft.com/windows/win32/api/audioclient/nn-audioclient-iaudioclock2,2026-10-02,
ActivateAudioInterfaceAsync,uses,AUDIOCLIENT_ACTIVATION_PARAMS,ProcessLoopback,Public,Build 20348,Carries activation type and process-loopback payload,https://learn.microsoft.com/windows/win32/api/audioclientactivationparams/ns-audioclientactivationparams-audioclient_activation_params,2026-10-02,
AUDIOCLIENT_ACTIVATION_PARAMS,contains,AUDIOCLIENT_PROCESS_LOOPBACK_PARAMS,ProcessLoopback,Public,Build 20348,Contains target PID and include/exclude mode for process loopback,https://learn.microsoft.com/windows/win32/api/audioclientactivationparams/ns-audioclientactivationparams-audioclient_process_loopback_params,2026-10-02,
IAudioSessionManager2,GetSessionEnumerator,IAudioSessionEnumerator,AudioSession,Public,Windows 7,Returns endpoint session enumerator,https://learn.microsoft.com/windows/win32/api/audiopolicy/nf-audiopolicy-iaudiosessionmanager2-getsessionenumerator,2026-10-02,
IAudioSessionEnumerator,GetSession,IAudioSessionControl,AudioSession,Public,Windows 7,Returns session control by index,https://learn.microsoft.com/windows/win32/api/audiopolicy/nf-audiopolicy-iaudiosessionenumerator-getsession,2026-10-02,
IAudioSessionControl,QueryInterface,IAudioSessionControl2,AudioSession,Public,Windows 7,Obtains extended session identity/PID interface,https://learn.microsoft.com/windows/win32/api/audiopolicy/nn-audiopolicy-iaudiosessioncontrol2,2026-10-02,
IAudioSessionManager2,RegisterSessionNotification,IAudioSessionNotification,AudioSession,Public,Windows 7,Registers session-creation callback,https://learn.microsoft.com/windows/win32/api/audiopolicy/nf-audiopolicy-iaudiosessionmanager2-registersessionnotification,2026-10-02,
IAudioSessionControl,RegisterAudioSessionNotification,IAudioSessionEvents,AudioSession,Public,Windows Vista,Registers per-session event callback,https://learn.microsoft.com/windows/win32/api/audiopolicy/nf-audiopolicy-iaudiosessioncontrol-registeraudiosessionnotification,2026-10-02,
IAudioSessionManager2,RegisterDuckNotification,IAudioVolumeDuckNotification,AudioSession,Public,Windows 7,Registers duck/unduck callback,https://learn.microsoft.com/windows/win32/api/audiopolicy/nf-audiopolicy-iaudiosessionmanager2-registerducknotification,2026-10-02,
IAudioSessionManager,GetSimpleAudioVolume,ISimpleAudioVolume,AudioSession,Public,Windows Vista,Gets master volume/mute interface for session GUID,https://learn.microsoft.com/windows/win32/api/audiopolicy/nf-audiopolicy-iaudiosessionmanager-getsimpleaudiovolume,2026-10-02,
IAudioEndpointVolume,RegisterControlChangeNotify,IAudioEndpointVolumeCallback,EndpointVolume,Public,Windows Vista,Registers endpoint volume/mute callback,https://learn.microsoft.com/windows/win32/api/endpointvolume/nf-endpointvolume-iaudioendpointvolume-registercontrolchangenotify,2026-10-02,
IDeviceTopology,GetConnector,IConnector,DeviceTopology,Public,Windows Vista,Returns connector by topology index,https://learn.microsoft.com/windows/win32/api/devicetopology/nf-devicetopology-idevicetopology-getconnector,2026-10-02,
IDeviceTopology,GetSubunit,ISubunit,DeviceTopology,Public,Windows Vista,Returns subunit by topology index,https://learn.microsoft.com/windows/win32/api/devicetopology/nf-devicetopology-idevicetopology-getsubunit,2026-10-02,
IPart,EnumPartsIncoming,IPartsList,DeviceTopology,Public,Windows Vista,Enumerates upstream topology parts,https://learn.microsoft.com/windows/win32/api/devicetopology/nf-devicetopology-ipart-enumpartsincoming,2026-10-02,
IPart,EnumPartsOutgoing,IPartsList,DeviceTopology,Public,Windows Vista,Enumerates downstream topology parts,https://learn.microsoft.com/windows/win32/api/devicetopology/nf-devicetopology-ipart-enumpartsoutgoing,2026-10-02,
IPart,GetControlInterface,IControlInterface,DeviceTopology,Public,Windows Vista,Gets descriptor for part control interface,https://learn.microsoft.com/windows/win32/api/devicetopology/nf-devicetopology-ipart-getcontrolinterface,2026-10-02,
IPart,Activate,IAudioVolumeLevel,DeviceTopology,Public,Windows Vista,Activates topology hardware/control interface,https://learn.microsoft.com/windows/win32/api/devicetopology/nn-devicetopology-iaudiovolumelevel,2026-10-02,
IPart,Activate,IAudioMute,DeviceTopology,Public,Windows Vista,Activates topology hardware/control interface,https://learn.microsoft.com/windows/win32/api/devicetopology/nn-devicetopology-iaudiomute,2026-10-02,
IPart,Activate,IAudioAutoGainControl,DeviceTopology,Public,Windows Vista,Activates topology hardware/control interface,https://learn.microsoft.com/windows/win32/api/devicetopology/nn-devicetopology-iaudioautogaincontrol,2026-10-02,
IPart,Activate,IAudioInputSelector,DeviceTopology,Public,Windows Vista,Activates topology hardware/control interface,https://learn.microsoft.com/windows/win32/api/devicetopology/nn-devicetopology-iaudioinputselector,2026-10-02,
IPart,Activate,IAudioOutputSelector,DeviceTopology,Public,Windows Vista,Activates topology hardware/control interface,https://learn.microsoft.com/windows/win32/api/devicetopology/nn-devicetopology-iaudiooutputselector,2026-10-02,
ISpatialAudioClient,GetSupportedAudioObjectFormatEnumerator,IAudioFormatEnumerator,SpatialAudio,Public,Windows 10 version 1703,Enumerates supported spatial object formats,https://learn.microsoft.com/windows/win32/api/spatialaudioclient/nf-spatialaudioclient-ispatialaudioclient-getsupportedaudioobjectformatenumerator,2026-10-02,
ISpatialAudioClient,ActivateSpatialAudioStream,ISpatialAudioObjectRenderStream,SpatialAudio,Public,Windows 10 version 1703,Creates spatial object render stream,https://learn.microsoft.com/windows/win32/api/spatialaudioclient/nf-spatialaudioclient-ispatialaudioclient-activatespatialaudiostream,2026-10-02,
ISpatialAudioObjectRenderStream,ActivateSpatialAudioObject,ISpatialAudioObject,SpatialAudio,Public,Windows 10 version 1703,Creates static/dynamic spatial object,https://learn.microsoft.com/windows/win32/api/spatialaudioclient/nf-spatialaudioclient-ispatialaudioobjectrenderstream-activatespatialaudioobject,2026-10-02,
MFCreateSourceReaderFromURL,creates,IMFSourceReader,MediaFoundation,Public,Windows 7,Creates Source Reader from URL/file,https://learn.microsoft.com/windows/win32/api/mfreadwrite/nf-mfreadwrite-mfcreatesourcereaderfromurl,2026-10-02,
IMFSourceReader,ReadSample,IMFSample,MediaFoundation,Public,Windows 7,Produces next media sample when available,https://learn.microsoft.com/windows/win32/api/mfreadwrite/nf-mfreadwrite-imfsourcereader-readsample,2026-10-02,
IMFSample,contains,IMFMediaBuffer,MediaFoundation,Public,Windows Vista,Media sample stores one or more media buffers,https://learn.microsoft.com/windows/win32/api/mfobjects/nn-mfobjects-imfsample,2026-10-02,
MFCreateSinkWriterFromURL,creates,IMFSinkWriter,MediaFoundation,Public,Windows 7,Creates Sink Writer for output URL/file,https://learn.microsoft.com/windows/win32/api/mfreadwrite/nf-mfreadwrite-mfcreatesinkwriterfromurl,2026-10-02,
MFTEnumEx,enumerates,IMFTransform,MediaFoundation,Public,Windows 7,Enumerates/activates registered Media Foundation Transforms,https://learn.microsoft.com/windows/win32/api/mfapi/nf-mfapi-mftenumex,2026-10-02,
XAudio2Create,creates,IXAudio2,XAudio2,Public,Windows 8,Creates XAudio2 engine,https://learn.microsoft.com/windows/win32/api/xaudio2/nf-xaudio2-xaudio2create,2026-10-02,
IXAudio2,CreateSourceVoice,IXAudio2SourceVoice,XAudio2,Public,Windows 8,Creates source voice,https://learn.microsoft.com/windows/win32/api/xaudio2/nf-xaudio2-ixaudio2-createsourcevoice,2026-10-02,
IXAudio2,CreateSubmixVoice,IXAudio2SubmixVoice,XAudio2,Public,Windows 8,Creates submix voice,https://learn.microsoft.com/windows/win32/api/xaudio2/nf-xaudio2-ixaudio2-createsubmixvoice,2026-10-02,
IXAudio2,CreateMasteringVoice,IXAudio2MasteringVoice,XAudio2,Public,Windows 8,Creates mastering/output voice,https://learn.microsoft.com/windows/win32/api/xaudio2/nf-xaudio2-ixaudio2-createmasteringvoice,2026-10-02,
MediaDevice,GetAudioRenderSelector,DeviceInformation.FindAllAsync,WinRTAudio,Public-WinRT,Windows 10 10240,Selector can be passed to DeviceInformation enumeration,https://learn.microsoft.com/uwp/api/windows.media.devices.mediadevice,2026-10-02,
MediaDevice,GetAudioCaptureSelector,DeviceInformation.FindAllAsync,WinRTAudio,Public-WinRT,Windows 10 10240,Selector can be passed to DeviceInformation enumeration,https://learn.microsoft.com/uwp/api/windows.media.devices.mediadevice,2026-10-02,
AudioGraph,CreateDeviceInputNodeAsync,AudioDeviceInputNode,WinRTAudio,Public-WinRT,Windows 10 10240,Creates capture-device node,https://learn.microsoft.com/uwp/api/windows.media.audio.audiograph.createdeviceinputnodeasync,2026-10-02,
AudioGraph,CreateDeviceOutputNodeAsync,AudioDeviceOutputNode,WinRTAudio,Public-WinRT,Windows 10 10240,Creates render-device node,https://learn.microsoft.com/uwp/api/windows.media.audio.audiograph.createdeviceoutputnodeasync,2026-10-02,
AudioGraph,CreateFileInputNodeAsync,AudioFileInputNode,WinRTAudio,Public-WinRT,Windows 10 10240,Creates file input node,https://learn.microsoft.com/uwp/api/windows.media.audio.audiograph.createfileinputnodeasync,2026-10-02,
AudioGraph,CreateFileOutputNodeAsync,AudioFileOutputNode,WinRTAudio,Public-WinRT,Windows 10 10240,Creates file output node,https://learn.microsoft.com/uwp/api/windows.media.audio.audiograph.createfileoutputnodeasync,2026-10-02,
AudioGraph,CreateFrameInputNode,AudioFrameInputNode,WinRTAudio,Public-WinRT,Windows 10 10240,Creates frame input node,https://learn.microsoft.com/uwp/api/windows.media.audio.audiograph.createframeinputnode,2026-10-02,
AudioGraph,CreateFrameOutputNode,AudioFrameOutputNode,WinRTAudio,Public-WinRT,Windows 10 10240,Creates frame output node,https://learn.microsoft.com/uwp/api/windows.media.audio.audiograph.createframeoutputnode,2026-10-02,
AudioGraph,CreateSubmixNode,AudioSubmixNode,WinRTAudio,Public-WinRT,Windows 10 10240,Creates graph submix node,https://learn.microsoft.com/uwp/api/windows.media.audio.audiograph.createsubmixnode,2026-10-02,
MediaPlayer,AudioDevice,DeviceInformation,WinRTPlayback,Public-WinRT,Windows 10 1607,AudioDevice property selects app-owned render device,https://learn.microsoft.com/uwp/api/windows.media.playback.mediaplayer.audiodevice,2026-10-02,
MidiSession,CreateEndpointConnection,MidiEndpointConnection,WindowsMIDIServices,Public-WinRT,Windows MIDI Services,Creates session-owned endpoint connection,https://github.com/microsoft/MIDI/blob/main/docs/sdk-reference/MidiSession.md,2026-10-02,
MidiEndpointConnection,ConnectedEndpointDeviceId,MidiEndpointDeviceInformation.EndpointDeviceId,WindowsMIDIServices,Public-WinRT,Windows MIDI Services,Connection targets endpoint identity returned by MIDI enumeration,https://github.com/microsoft/MIDI/blob/main/docs/sdk-reference/MidiEndpointConnection.md,2026-10-02,
PortCls,pairs-with,IMiniportWaveRT,WaveRT,Public-WDK,Windows Vista,WaveRT port driver works with vendor WaveRT miniport,https://learn.microsoft.com/windows-hardware/drivers/audio/developing-a-wavert-miniport-driver,2026-10-02,
IMiniportWaveRT,NewStream,IMiniportWaveRTStream,WaveRT,Public-WDK,Windows Vista,Creates logical WaveRT stream instance,https://learn.microsoft.com/windows-hardware/drivers/ddi/portcls/nf-portcls-iminiportwavert-newstream,2026-10-02,
IMiniportWaveRTStream,optional-interface,IMiniportWaveRTStreamNotification,WaveRT,Public-WDK,Windows Vista,Adds event-notification buffer support,https://learn.microsoft.com/windows-hardware/drivers/ddi/portcls/nn-portcls-iminiportwavertstreamnotification,2026-10-02,
IMiniportWaveRTStream,optional-interface,IMiniportWaveRTInputStream,WaveRT,Public-WDK,Windows 10,Adds capture packet/timestamp interface,https://learn.microsoft.com/windows-hardware/drivers/ddi/portcls/nn-portcls-iminiportwavertinputstream,2026-10-02,
IMiniportWaveRTStream,optional-interface,IMiniportWaveRTOutputStream,WaveRT,Public-WDK,Windows 10,Adds render packet/presentation-position interface,https://learn.microsoft.com/windows-hardware/drivers/ddi/portcls/nn-portcls-iminiportwavertoutputstream,2026-10-02,
ACXCIRCUIT,contains,ACXPIN,ACX,Public-WDK,ACX 1.0,Circuit owns audio pins,https://learn.microsoft.com/windows-hardware/drivers/audio/acx-circuits,2026-10-02,
ACXCIRCUIT,contains,ACXELEMENT,ACX,Public-WDK,ACX 1.0,Circuit can own audio processing/control elements,https://learn.microsoft.com/windows-hardware/drivers/audio/acx-circuits,2026-10-02,
AcxRtStreamCreate,creates,ACXSTREAM,ACX,Public-WDK,ACX 1.0,Creates realtime packet stream object,https://learn.microsoft.com/windows-hardware/drivers/ddi/acxstreams/nf-acxstreams-acxrtstreamcreate,2026-10-02,
ACXSTREAM,contains,ACXELEMENT,ACX,Public-WDK,ACX 1.0,Stream may contain stream-specific processing/control elements,https://learn.microsoft.com/windows-hardware/drivers/audio/acx-streaming,2026-10-02,
RoGetActivationFactory,activates,Windows.Media.Internal.AudioPolicyConfig,PerAppPolicy,Undocumented,,Activates internal Windows audio policy factory class,,2026-10-02,Internal WinRT implementation detail
Windows.Media.Internal.AudioPolicyConfig,QueryInterface,IAudioPolicyConfigFactory Win11,PerAppPolicy,Undocumented,Windows 11 21H2+,Queries build-specific internal factory IID,,2026-10-02,SonicRoute observed/verified; not public contract
Windows.Media.Internal.AudioPolicyConfig,QueryInterface,IAudioPolicyConfigFactory downlevel,PerAppPolicy,Undocumented,Windows 10 / downlevel,Queries downlevel internal factory IID,,2026-10-02,SonicRoute observed/verified; not public contract
IAudioPolicyConfigFactory Win11,vtable-slot-25,SetPersistedDefaultAudioEndpoint,PerAppPolicy,Undocumented,,Current observed slot for persisted endpoint setter,,2026-10-02,ABI-sensitive fixed slot
IAudioPolicyConfigFactory Win11,vtable-slot-26,GetPersistedDefaultAudioEndpoint,PerAppPolicy,Undocumented,,Current observed slot for persisted endpoint getter,,2026-10-02,ABI-sensitive fixed slot
IAudioPolicyConfigFactory Win11,vtable-slot-27,ClearAllPersistedApplicationDefaultEndpoints,PerAppPolicy,Undocumented,,Current observed slot for clear-all operation,,2026-10-02,ABI-sensitive fixed slot
PKEY_Devices_AudioDevice_RawProcessingSupported,alias-of,System.Devices.AudioDevice.RawProcessingSupported,Properties,Public,Windows 8.1,Shell PROPERTYKEY form of the modern DeviceInformation audio property,https://learn.microsoft.com/windows/uwp/audio-video-camera/audio-device-information-properties,2026-10-02,
PKEY_Devices_AudioDevice_SpeechProcessingSupported,alias-of,System.Devices.AudioDevice.SpeechProcessingSupported,Properties,Public,,Shell PROPERTYKEY form of the modern DeviceInformation audio property,https://learn.microsoft.com/windows/uwp/audio-video-camera/audio-device-information-properties,2026-10-02,
PKEY_Devices_AudioDevice_Microphone_SensitivityInDbfs,alias-of,System.Devices.AudioDevice.Microphone.SensitivityInDbfs,Properties,Public,Windows 10 1607,Shell PROPERTYKEY form of the modern DeviceInformation audio property,https://learn.microsoft.com/windows/uwp/audio-video-camera/audio-device-information-properties,2026-10-02,
PKEY_Devices_AudioDevice_Microphone_SensitivityInDbfs2,alias-of,System.Devices.AudioDevice.Microphone.SensitivityInDbfs2,Properties,Public,Windows 10 1803,Shell PROPERTYKEY form of the modern DeviceInformation audio property,https://learn.microsoft.com/windows/uwp/audio-video-camera/audio-device-information-properties,2026-10-02,
PKEY_Devices_AudioDevice_Microphone_SignalToNoiseRatioInDb,alias-of,System.Devices.AudioDevice.Microphone.SignalToNoiseRatioInDb,Properties,Public,Windows 10 1607,Shell PROPERTYKEY form of the modern DeviceInformation audio property,https://learn.microsoft.com/windows/uwp/audio-video-camera/audio-device-information-properties,2026-10-02,
PKEY_Devices_MicrophoneArray_Geometry,alias-of,System.Devices.MicrophoneArray.Geometry,Properties,Public,Windows 8.1,Shell PROPERTYKEY form of the modern DeviceInformation audio property,https://learn.microsoft.com/windows/uwp/audio-video-camera/audio-device-information-properties,2026-10-02,
KSPROPERTY_AUDIO_VOLUMELEVEL,maps-to,IAudioVolumeLevel,KSAudio,Public-WDK,,KS hardware control surfaced through DeviceTopology,https://learn.microsoft.com/windows/win32/coreaudio/using-the-ikscontrol-interface-to-access-audio-properties,2026-10-02,
KSPROPERTY_AUDIO_MUTE,maps-to,IAudioMute,KSAudio,Public-WDK,,KS hardware control surfaced through DeviceTopology,https://learn.microsoft.com/windows/win32/coreaudio/using-the-ikscontrol-interface-to-access-audio-properties,2026-10-02,
KSPROPERTY_AUDIO_AGC,maps-to,IAudioAutoGainControl,KSAudio,Public-WDK,,KS hardware control surfaced through DeviceTopology,https://learn.microsoft.com/windows/win32/coreaudio/using-the-ikscontrol-interface-to-access-audio-properties,2026-10-02,
KSPROPERTY_AUDIO_CHANNEL_CONFIG,maps-to,IAudioChannelConfig,KSAudio,Public-WDK,,KS hardware control surfaced through DeviceTopology,https://learn.microsoft.com/windows/win32/coreaudio/using-the-ikscontrol-interface-to-access-audio-properties,2026-10-02,
KSPROPERTY_AUDIO_DEV_SPECIFIC,maps-to,IDeviceSpecificProperty,KSAudio,Public-WDK,,KS device-specific control surfaced through DeviceTopology,https://learn.microsoft.com/windows/win32/coreaudio/using-the-ikscontrol-interface-to-access-audio-properties,2026-10-02,
KSPROPERTY_AUDIO_LOUDNESS,maps-to,IAudioLoudness,KSAudio,Public-WDK,,KS hardware control surfaced through DeviceTopology,https://learn.microsoft.com/windows/win32/coreaudio/using-the-ikscontrol-interface-to-access-audio-properties,2026-10-02,
KSPROPERTY_AUDIO_BASS,maps-to,IAudioBass,KSAudio,Public-WDK,,KS tone control surfaced through DeviceTopology,https://learn.microsoft.com/windows/win32/coreaudio/using-the-ikscontrol-interface-to-access-audio-properties,2026-10-02,
KSPROPERTY_AUDIO_MID,maps-to,IAudioMidrange,KSAudio,Public-WDK,,KS tone control surfaced through DeviceTopology,https://learn.microsoft.com/windows/win32/coreaudio/using-the-ikscontrol-interface-to-access-audio-properties,2026-10-02,
KSPROPERTY_AUDIO_TREBLE,maps-to,IAudioTreble,KSAudio,Public-WDK,,KS tone control surfaced through DeviceTopology,https://learn.microsoft.com/windows/win32/coreaudio/using-the-ikscontrol-interface-to-access-audio-properties,2026-10-02,
KSPROPERTY_AUDIO_MUX_SOURCE,maps-to,IAudioInputSelector,KSAudio,Public-WDK,,KS multiplexer control surfaced through DeviceTopology,https://learn.microsoft.com/windows/win32/coreaudio/using-the-ikscontrol-interface-to-access-audio-properties,2026-10-02,
KSPROPERTY_AUDIO_DEMUX_DEST,maps-to,IAudioOutputSelector,KSAudio,Public-WDK,,KS demultiplexer control surfaced through DeviceTopology,https://learn.microsoft.com/windows/win32/coreaudio/using-the-ikscontrol-interface-to-access-audio-properties,2026-10-02,
AcxAudioEngineCreate,creates,ACXAUDIOENGINE,ACX,Public-WDK,ACX 1.0,Creates an ACX audio-engine element,https://learn.microsoft.com/windows-hardware/drivers/ddi/acxelements/nf-acxelements-acxaudioenginecreate,2026-10-02,
AcxAudioModuleCreate,creates,ACXAUDIOMODULE,ACX,Public-WDK,ACX 1.0,Creates an ACX audio-module element,https://learn.microsoft.com/windows-hardware/drivers/ddi/acxelements/nf-acxelements-acxaudiomodulecreate,2026-10-02,
AcxStreamAudioEngineCreate,creates,ACXSTREAMAUDIOENGINE,ACX,Public-WDK,ACX 1.0,Creates a stream-scoped audio-engine object associated with an ACXSTREAM,https://learn.microsoft.com/windows-hardware/drivers/ddi/acxelements/nf-acxelements-acxstreamaudioenginecreate,2026-10-02,
AcxVolumeCreate,creates,ACXVOLUME,ACX,Public-WDK,ACX 1.0,Creates a volume element,https://learn.microsoft.com/windows-hardware/drivers/ddi/acxelements/,2026-10-02,
AcxMuteCreate,creates,ACXMUTE,ACX,Public-WDK,ACX 1.0,Creates a mute element,https://learn.microsoft.com/windows-hardware/drivers/ddi/acxelements/,2026-10-02,
AcxPeakMeterCreate,creates,ACXPEAKMETER,ACX,Public-WDK,ACX 1.0,Creates a peak-meter element,https://learn.microsoft.com/windows-hardware/drivers/ddi/acxelements/,2026-10-02,
AcxKeywordSpotterCreate,creates,ACXKEYWORDSPOTTER,ACX,Public-WDK,ACX 1.0,Creates a keyword-spotter element,https://learn.microsoft.com/windows-hardware/drivers/ddi/acxelements/,2026-10-02,
AcxJackCreate,creates,ACXJACK,ACX,Public-WDK,ACX 1.0,Creates a jack object,https://learn.microsoft.com/windows-hardware/drivers/ddi/acxpin/,2026-10-02,
