sample,source_repo,path,family,language,status,purpose,source_url,verified,notes
WASAPIRendering,microsoft/Windows-classic-samples,Samples/WASAPIRendering,WASAPI,C++,Public,Microsoft WASAPI render sample,https://github.com/microsoft/Windows-classic-samples/tree/main/Samples/WASAPIRendering,2026-10-02,
ApplicationLoopback,microsoft/Windows-classic-samples,Samples/ApplicationLoopback,ProcessLoopback,C++,Public,Microsoft process/application loopback capture sample,https://github.com/microsoft/Windows-classic-samples/tree/main/Samples/ApplicationLoopback,2026-10-02,
CaptureSharedEventDriven,microsoft/Windows-classic-samples,Samples/Win7Samples/multimedia/audio/CaptureSharedEventDriven,WASAPI,C++,Public,Shared event-driven capture sample,https://github.com/microsoft/Windows-classic-samples/tree/main/Samples/Win7Samples/multimedia/audio/CaptureSharedEventDriven,2026-10-02,
RenderSharedEventDriven,microsoft/Windows-classic-samples,Samples/Win7Samples/multimedia/audio/RenderSharedEventDriven,WASAPI,C++,Public,Shared event-driven render sample,https://github.com/microsoft/Windows-classic-samples/tree/main/Samples/Win7Samples/multimedia/audio/RenderSharedEventDriven,2026-10-02,
RenderExclusiveEventDriven,microsoft/Windows-classic-samples,Samples/Win7Samples/multimedia/audio/RenderExclusiveEventDriven,WASAPI,C++,Public,Exclusive event-driven render sample,https://github.com/microsoft/Windows-classic-samples/tree/main/Samples/Win7Samples/multimedia/audio/RenderExclusiveEventDriven,2026-10-02,
DuckingCaptureSample,microsoft/Windows-classic-samples,Samples/Win7Samples/multimedia/audio/DuckingCaptureSample,AudioSession,C++,Public,Audio-session ducking sample,https://github.com/microsoft/Windows-classic-samples/tree/main/Samples/Win7Samples/multimedia/audio/DuckingCaptureSample,2026-10-02,
AudioCreation,microsoft/Windows-universal-samples,Samples/AudioCreation,AudioGraph,C# / C++,Public,AudioGraph creation routing effects capture and frame-node sample,https://github.com/microsoft/Windows-universal-samples/tree/main/Samples/AudioCreation,2026-10-02,
WindowsAudioSession,microsoft/Windows-universal-samples,Samples/WindowsAudioSession,WASAPI,C++,Public,Windows Runtime/WASAPI audio session scenarios,https://github.com/microsoft/Windows-universal-samples/tree/main/Samples/WindowsAudioSession,2026-10-02,
MIDI,microsoft/Windows-universal-samples,Samples/MIDI,MIDI,C# / C++,Public,Legacy WinRT MIDI sample,https://github.com/microsoft/Windows-universal-samples/tree/main/Samples/MIDI,2026-10-02,
SysVAD,microsoft/Windows-driver-samples,audio/sysvad,DriverPlatform,C / C++,Public-WDK,System Virtual Audio Device driver sample with WaveRT APO and virtual endpoints,https://github.com/microsoft/Windows-driver-samples/tree/main/audio/sysvad,2026-10-02,
SimpleAudioSample,microsoft/Windows-driver-samples,audio/simpleaudiosample,DriverPlatform,C / C++,Public-WDK,Smaller speaker/microphone audio driver reference sample,https://github.com/microsoft/Windows-driver-samples/tree/main/audio/simpleaudiosample,2026-10-02,
ACX Samples,microsoft/Windows-driver-samples,audio/Acx,ACX,C / C++,Public-WDK,Audio Class Extensions driver examples,https://github.com/microsoft/Windows-driver-samples/tree/main/audio/Acx,2026-10-02,
CollectAudioLogs,microsoft/audio,CollectAudioLogs,Diagnostics,PowerShell / WPRP,Public,Windows Audio Team logging collector for AudioSrv AudioEndpointBuilder AudioDG drivers and APOs,https://github.com/microsoft/audio/tree/main/CollectAudioLogs,2026-10-02,
Windows MIDI Services SDK/reference,microsoft/MIDI,docs/sdk-reference,WindowsMIDIServices,C# / C++ / WinRT,Public-WinRT,Official Windows MIDI Services SDK reference and source,https://github.com/microsoft/MIDI/tree/main/docs/sdk-reference,2026-10-02,
SysVAD TabletAudioSample,microsoft/Windows-driver-samples,audio/sysvad/TabletAudioSample,PortCls/WaveRT,C / C++,Public-WDK,Multi-endpoint WDM audio sample using WaveRT and hardware-offload architecture,https://learn.microsoft.com/windows-hardware/drivers/audio/sample-audio-drivers,2026-10-02,Virtual hardware sample; embedded and pluggable endpoint patterns
SysVAD EndpointsCommon,microsoft/Windows-driver-samples,audio/sysvad/EndpointsCommon,PortCls/Endpoint,C / C++,Public-WDK,Shared endpoint/topology code used by SysVAD projects,https://learn.microsoft.com/windows-hardware/drivers/audio/sample-audio-drivers,2026-10-02,Useful for topology and endpoint descriptor patterns
SysVAD SwapAPO,microsoft/Windows-driver-samples,audio/sysvad/SwapAPO,APO,C++,Public-WDK,Official APO sample implementing stream and mode effects plus registration patterns,https://learn.microsoft.com/windows-hardware/drivers/audio/implementing-audio-processing-objects,2026-10-02,Shows SFX/MFX and componentized APO concepts
SysVAD KeywordDetectorAdapter,microsoft/Windows-driver-samples,audio/sysvad/KeywordDetectorAdapter,VoiceActivation,C++,Public-WDK,Keyword detector OEM adapter sample for voice activation,https://learn.microsoft.com/windows-hardware/drivers/audio/voice-activation,2026-10-02,
Dmusuart (archived),Microsoft WDK archived audio samples,Dmusuart,DirectMusicKernel,C / C++,Legacy,Archived DirectMusic UART driver sample,https://learn.microsoft.com/windows-hardware/drivers/audio/sample-audio-drivers,2026-10-02,Archived WDK sample; historical DirectMusic kernel DDI
ddksynth (archived),Microsoft WDK archived audio samples,ddksynth,DirectMusicKernel,C / C++,Legacy,Archived DirectMusic software synthesizer sample,https://learn.microsoft.com/windows-hardware/drivers/audio/sample-audio-drivers,2026-10-02,Archived WDK sample; historical kernel-mode synth reference
