capability,family,introduced,changed_or_removed,status,api_or_component,purpose,docs_url,verified,notes
MMDevice endpoint enumeration,CoreAudio,Windows Vista,,Public,IMMDeviceEnumerator,Enumerate endpoints and default devices,https://learn.microsoft.com/windows/win32/api/mmdeviceapi/nn-mmdeviceapi-immdeviceenumerator,2026-10-02,
Audio Session Manager 2,CoreAudio,Windows 7,,Public,IAudioSessionManager2,Enumerate and monitor audio sessions,https://learn.microsoft.com/windows/win32/api/audiopolicy/nn-audiopolicy-iaudiosessionmanager2,2026-10-02,
WASAPI shared/exclusive streams,WASAPI,Windows Vista,,Public,IAudioClient,Endpoint PCM render and capture,https://learn.microsoft.com/windows/win32/api/audioclient/nn-audioclient-iaudioclient,2026-10-02,
WASAPI low-period shared mode,WASAPI,Windows 10,,Public,IAudioClient3,Query and select shared engine period,https://learn.microsoft.com/windows/win32/api/audioclient/nn-audioclient-iaudioclient3,2026-10-02,
Process loopback activation,WASAPI,Windows 10 Build 20348,,Public,AUDIOCLIENT_PROCESS_LOOPBACK_PARAMS,Capture target process tree or exclude it,https://learn.microsoft.com/windows/win32/api/audioclientactivationparams/ns-audioclientactivationparams-audioclient_process_loopback_params,2026-10-02,
Stream ducking control,WASAPI,Windows 10 Build 20348,,Public,IAudioClientDuckingControl,Control whether current stream ducks other streams,https://learn.microsoft.com/windows/win32/api/audioclient/nn-audioclient-iaudioclientduckingcontrol,2026-10-02,
Stream effects manager,AudioEffects,Windows 11 Build 22000,,Public,IAudioEffectsManager,Discover and control stream-associated effects,https://learn.microsoft.com/windows/win32/api/audioclient/nn-audioclient-iaudioeffectsmanager,2026-10-02,
System effects property store,AudioEffects,Windows 11 Build 22000,,Public,IAudioSystemEffectsPropertyStore,Access default/user/volatile effect property stores,https://learn.microsoft.com/windows/win32/api/mmdeviceapi/nn-mmdeviceapi-iaudiosystemeffectspropertystore,2026-10-02,Restricted capability applies
Modern APO controllable effects,APO,Windows 11 Build 22000,,Public-WDK,IAudioSystemEffects3,Expose controllable system effects from APO,https://learn.microsoft.com/windows/win32/api/audioengineextensionapo/nn-audioengineextensionapo-iaudiosystemeffects3,2026-10-02,
Audio stream to HWND association,WASAPI,Windows 11 Build 22621,,Public,IAudioViewManagerService,Associate audio stream with app window,https://learn.microsoft.com/windows/win32/api/audioclient/nn-audioclient-iaudioviewmanagerservice,2026-10-02,
Stable endpoint ID,MMDevice,Windows 11 24H2 Build 26100,,Public,PKEY_AudioEndpoint_StableId,Persist endpoint identity across OS/driver updates where possible,https://learn.microsoft.com/windows/win32/coreaudio/pkey-audioendpoint-stableid,2026-10-02,GetDevice accepts StableId from build 26100
Spatial Audio object rendering,SpatialAudio,Windows 10 1703,,Public,ISpatialAudioClient,Render static and dynamic spatial audio objects,https://learn.microsoft.com/windows/win32/api/spatialaudioclient/nn-spatialaudioclient-ispatialaudioclient,2026-10-02,
AudioGraph,WinRTAudio,Windows 10 10240,,Public-WinRT,Windows.Media.Audio.AudioGraph,High-level node graph for routing capture playback and processing,https://learn.microsoft.com/uwp/api/windows.media.audio.audiograph,2026-10-02,
AudioStateMonitor,WinRTAudio,Windows 10 1803,,Public-WinRT,Windows.Media.Audio.AudioStateMonitor,Observe system policy sound level state,https://learn.microsoft.com/uwp/api/windows.media.audio.audiostatemonitor,2026-10-02,
MediaPlayer selectable AudioDevice,WinRTPlayback,Windows 10 1607,,Public-WinRT,MediaPlayer.AudioDevice,Select render device for app-owned media player,https://learn.microsoft.com/uwp/api/windows.media.playback.mediaplayer.audiodevice,2026-10-02,
USB Audio Class 2 inbox driver,Driver,Windows 10 1703,,Public-WDK,usbaudio2.sys,Inbox UAC2 WaveRT driver,https://learn.microsoft.com/windows-hardware/drivers/audio/usb-2-0-audio-drivers,2026-10-02,
Bluetooth AAC A2DP,Bluetooth,Windows 11 21H2,,Public-WDK,Bluetooth Classic Audio,AAC codec support for A2DP,https://learn.microsoft.com/windows-hardware/drivers/bluetooth/bluetooth-classic-audio,2026-10-02,Requires both host and device support
Bluetooth aptX Adaptive,Bluetooth,Windows 11 24H2,,Public-WDK,Bluetooth Classic Audio,aptX Adaptive support on compatible Qualcomm Bluetooth radio platforms,https://learn.microsoft.com/windows-hardware/drivers/bluetooth/bluetooth-classic-audio,2026-10-02,Hardware-specific
Media Foundation Source Reader,MediaFoundation,Windows 7 / Vista Platform Update,,Public,IMFSourceReader,Simplified media-source read/decode path,https://learn.microsoft.com/windows/win32/api/mfreadwrite/nn-mfreadwrite-imfsourcereader,2026-10-02,
XAudio2 2.8 system API,XAudio2,Windows 8,,Public,XAudio2,Game/realtime voice graph API,https://learn.microsoft.com/windows/win32/xaudio2/xaudio2-introduction,2026-10-02,
