symbol,kind,family,header_or_namespace,status,min_client,iid_or_guid,acquisition,purpose,docs_url,verified,notes
AudioGraph,class,WinRTAudio,Windows.Media.Audio,Public-WinRT,Windows 10 10240,,AudioGraph.CreateAsync,High-level graph for routing mixing processing capture and playback,https://learn.microsoft.com/uwp/api/windows.media.audio.audiograph,2026-10-02,
AudioGraphSettings,class,WinRTAudio,Windows.Media.Audio,Public-WinRT,Windows 10 10240,,new AudioGraphSettings,Configures graph category quantum and primary render device,https://learn.microsoft.com/uwp/api/windows.media.audio.audiographsettings,2026-10-02,
AudioDeviceInputNode,class,WinRTAudio,Windows.Media.Audio,Public-WinRT,Windows 10 10240,,AudioGraph.CreateDeviceInputNodeAsync,Inputs audio from a capture device,https://learn.microsoft.com/uwp/api/windows.media.audio.audiodeviceinputnode,2026-10-02,
AudioDeviceOutputNode,class,WinRTAudio,Windows.Media.Audio,Public-WinRT,Windows 10 10240,,AudioGraph.CreateDeviceOutputNodeAsync,Outputs graph audio to a render device,https://learn.microsoft.com/uwp/api/windows.media.audio.audiodeviceoutputnode,2026-10-02,
AudioFileInputNode,class,WinRTAudio,Windows.Media.Audio,Public-WinRT,Windows 10 10240,,AudioGraph.CreateFileInputNodeAsync,Inputs decoded audio from a file,https://learn.microsoft.com/uwp/api/windows.media.audio.audiofileinputnode,2026-10-02,
AudioFileOutputNode,class,WinRTAudio,Windows.Media.Audio,Public-WinRT,Windows 10 10240,,AudioGraph.CreateFileOutputNodeAsync,Writes graph output to a file,https://learn.microsoft.com/uwp/api/windows.media.audio.audiofileoutputnode,2026-10-02,
AudioFrameInputNode,class,WinRTAudio,Windows.Media.Audio,Public-WinRT,Windows 10 10240,,AudioGraph.CreateFrameInputNode,Feeds app-generated audio frames into a graph,https://learn.microsoft.com/uwp/api/windows.media.audio.audioframeinputnode,2026-10-02,
AudioFrameOutputNode,class,WinRTAudio,Windows.Media.Audio,Public-WinRT,Windows 10 10240,,AudioGraph.CreateFrameOutputNode,Provides graph audio frames to app code,https://learn.microsoft.com/uwp/api/windows.media.audio.audioframeoutputnode,2026-10-02,
AudioSubmixNode,class,WinRTAudio,Windows.Media.Audio,Public-WinRT,Windows 10 10240,,AudioGraph.CreateSubmixNode,Graph submix bus for routing and effects,https://learn.microsoft.com/uwp/api/windows.media.audio.audiosubmixnode,2026-10-02,
AudioStateMonitor,class,WinRTAudio,Windows.Media.Audio,Public-WinRT,,,Static factory methods,Monitors whether selected audio categories or roles are active lowered or muted,https://learn.microsoft.com/uwp/api/windows.media.audio.audiostatemonitor,2026-10-02,
MediaDevice,class,WinRTDevice,Windows.Media.Devices,Public-WinRT,Windows 10 10240,,Static class,Gets audio selectors default IDs and default-device change events,https://learn.microsoft.com/uwp/api/windows.media.devices.mediadevice,2026-10-02,
DeviceInformation,class,WinRTDevice,Windows.Devices.Enumeration,Public-WinRT,Windows 10 10240,,FindAllAsync or CreateFromIdAsync,Modern device identity name kind and property object,https://learn.microsoft.com/uwp/api/windows.devices.enumeration.deviceinformation,2026-10-02,
DeviceWatcher,class,WinRTDevice,Windows.Devices.Enumeration,Public-WinRT,Windows 10 10240,,DeviceInformation.CreateWatcher,Tracks added updated removed devices over time,https://learn.microsoft.com/uwp/api/windows.devices.enumeration.devicewatcher,2026-10-02,
MediaCapture,class,WinRTCapture,Windows.Media.Capture,Public-WinRT,Windows 10 10240,,new MediaCapture then InitializeAsync,High-level photo video and audio capture API,https://learn.microsoft.com/uwp/api/windows.media.capture.mediacapture,2026-10-02,Microphone and privacy capabilities apply
MediaPlayer,class,WinRTPlayback,Windows.Media.Playback,Public-WinRT,Windows 10 10240,,new MediaPlayer,High-level media playback with selectable AudioDevice,https://learn.microsoft.com/uwp/api/windows.media.playback.mediaplayer,2026-10-02,
AudioDeviceModulesManager,class,WinRTOEM,Windows.Media.Devices,Public-WinRT,,,Construct for endpoint ID,Discovers vendor or OEM audio device modules and sends commands,https://learn.microsoft.com/windows-hardware/drivers/audio/configure-and-query-audiodevicemodules,2026-10-02,Restricted audioDeviceConfiguration capability applies
