domain_id,domain,subdomain,current_level,target_level,priority,structured_db,long_form_docs,audit_target,notes
APP-01,Application APIs,MMDevice,5,6,P1,api/core-mmdevice.csv;api/methods-mmdevice.csv,docs/01-MMDevice.md;docs/105-Core-Audio-SDK-Header-Coverage-Audit.md,Real-build callback/lifetime evidence and IID normalization,mmdeviceapi.h public surface audited
APP-02,Application APIs,WASAPI / IAudioClient,5,6,P1,api/wasapi.csv;api/methods-wasapi.csv,docs/08-WASAPI.md;docs/19-WASAPI-Advanced.md;docs/105-Core-Audio-SDK-Header-Coverage-Audit.md,HRESULT/version/build behavior and IID normalization,audioclient.h + process-loopback activation surface audited
APP-03,Application APIs,Audio Sessions,5,6,P1,api/audio-session.csv;api/methods-session.csv,docs/02-Audio-Sessions.md;docs/105-Core-Audio-SDK-Header-Coverage-Audit.md,Real-build persistence/grouping/ducking evidence,audiopolicy session method surface audited
APP-04,Application APIs,EndpointVolume,5,6,P1,api/endpoint-volume.csv;api/methods-endpointvolume.csv,docs/03-Volume-and-Mute.md;docs/105-Core-Audio-SDK-Header-Coverage-Audit.md,Hardware/software endpoint volume behavior evidence,endpointvolume.h surface audited
APP-05,Application APIs,DeviceTopology,5,6,P1,api/device-topology.csv;api/methods-devicetopology.csv,docs/20-DeviceTopology.md;docs/105-Core-Audio-SDK-Header-Coverage-Audit.md,Real-device topology/jack/control evidence and IID normalization,devicetopology.h public surface audited
APP-06,Application APIs,Modern effects / state monitor,4,5,P1,api/wasapi.csv;api/methods-wasapi.csv;api/core-mmdevice.csv;api/methods-mmdevice.csv;api/audio-state-monitor.csv;api/methods-audio-state-monitor.csv,docs/64-Windows11-AEC-and-Effects-APIs.md;docs/63-Audio-State-Monitor.md;docs/105-Core-Audio-SDK-Header-Coverage-Audit.md,APO/property-store integration and runtime behavior audit,EffectsManager effects property store AEC ViewManager and AudioStateMonitor indexed
APP-07,Application APIs,Spatial Audio,4,5,P2,api/spatial-audio.csv;api/methods-spatial.csv,docs/22-Spatial-Audio.md,Spatial header audit,Client HRTF metadata
APP-08,Application APIs,WinRT Audio / AudioGraph,3,5,P2,api/winrt-audio.csv;api/members-winrt-audio.csv,docs/21-AudioGraph-and-WinRT-Audio.md,WinRT namespace member audit,Modern high-level audio
MEDIA-01,Media / Game,Media Foundation Audio,3,5,P2,api/media-foundation.csv;api/methods-media-foundation.csv,docs/24-Media-Foundation-Audio.md,MF audio interface and attribute audit,SAR SourceReader SinkWriter MFT
MEDIA-02,Media / Game,XAudio2 / XAPO,4,5,P2,api/xaudio2.csv;api/methods-xaudio2.csv,docs/28-XAudio2.md,xaudio2/xapo header audit,Game audio
MEDIA-03,Media / Game,MIDI,4,5,P2,api/midi.csv;api/members-midi.csv,docs/29-Windows-MIDI.md,Windows MIDI Services + WinMM audit,MIDI 1 and MIDI 2
LEGACY-01,Legacy,WinMM wave / mixer,1,4,P3,,docs/30-Legacy-Windows-Audio-APIs.md,SDK API inventory,Historical compatibility
LEGACY-02,Legacy,DirectSound / DirectMusic,2,4,P3,api/ks-audio.csv,docs/30-Legacy-Windows-Audio-APIs.md,Legacy SDK + KS mapping audit,Important for historical driver contracts
DRIVER-01,Driver,ACX,5,6,P1,api/acx.csv;api/methods-acx.csv,docs/71-ACX-Deep-Dive.md;docs/97-ACX-Public-Header-Coverage-Audit.md,Per-header current WDK audit,Modern class extension
DRIVER-02,Driver,WaveRT,4,5,P1,api/wavert.csv;api/methods-wavert.csv;api/ks-audio.csv,docs/70-WaveRT-Deep-Dive.md;docs/103-WaveRT-RTAudio-Contract-Map.md,RTAudio member/version and real-driver evidence audit,PortCls methods mapped to KSRTAUDIO structures and properties
DRIVER-03,Driver,PortCls,4,5,P1,api/portcls.csv;api/methods-portcls.csv;api/dependencies.csv,docs/101-PortCls-Reference-and-Coverage.md;docs/104-PortCls-Method-Coverage-Audit.md,Final obscure method/IID/version audit,194 method records plus relationships/dependencies/samples
DRIVER-04,Driver,Kernel Streaming Audio,4,5,P1,api/ks-audio.csv,docs/74-Kernel-Streaming-Deep-Dive.md;docs/98-KS-Audio-Property-Set-Coverage.md,KS member/type/event audit,Property event pin topology foundation
DRIVER-05,Driver,APO / effects,4,5,P1,api/apo.csv;api/methods-apo.csv;api/audio-properties.csv;api/audio-inf.csv,docs/23-Audio-Processing-Objects-APO.md;docs/106-APO-CAPX-Media-Class-INF-Coverage-Audit.md,baseaudioprocessingobject/msapofxproxy + IID/SID + APOERR audit,Windows 11 CAPX notifications AEC services property stores and deployment integrated
POLICY-01,Policy / Identity,EndpointBuilder / default policy,2,5,P2,api/audio-properties.csv,docs/35-Endpoint-Builder-and-Default-Selection.md,Public docs + observed behavior audit,Endpoint construction and selection
POLICY-02,Policy / Identity,Per-app persisted endpoint,3,4,P2,api/undocumented.csv,docs/06-Per-App-Audio-Routing.md;undocumented/AudioPolicyConfig.md,Build regression audit,Undocumented keep separated
PROPERTY-01,Properties,Endpoint / DeviceInformation / INF keys,3,5,P1,api/audio-properties.csv,docs/44-Audio-Endpoint-Property-Keys.md,PKEY/DEVPKEY audit,Property identity and driver policy
FORMAT-01,Formats,WAVEFORMAT / channel masks,3,5,P2,api/audio-formats.csv,docs/31-Audio-Formats-WAVEFORMAT.md,SDK subtype/type audit,PCM channel model
FORMAT-02,Formats,KS data formats / ranges,2,5,P1,api/ks-audio.csv,docs/74-Kernel-Streaming-Deep-Dive.md,ks.h/ksmedia.h format audit,Driver format negotiation
FORMAT-03,Formats,IEC61937 / compressed transport,2,4,P2,api/audio-formats.csv,docs/75-IEC61937-Digital-Bitstream-Audio.md,Subtype GUID and transport audit,Digital bitstream
HW-01,Hardware / Transport,USB Audio,2,5,P2,,docs/42-USB-Audio.md,Windows USB audio driver/version audit,UAC device behavior
HW-02,Hardware / Transport,Bluetooth Classic / LE Audio,2,5,P2,,docs/41-Bluetooth-Audio-Classic-LE.md,Profile codec Windows-version audit,A2DP HFP LE Audio
HW-03,Hardware / Transport,HDMI / DisplayPort,2,5,P2,,docs/43-HDMI-DisplayPort-Digital-Audio.md,Endpoint/EDID/codec audit,Display audio
HW-04,Hardware / Transport,HD Audio / SoC / DSP,1,4,P3,,docs/25-Audio-Driver-Stack-WDM-WaveRT-ACX-KS.md,Hardware architecture audit,Codec DSP I2S multi-circuit
DIAG-01,Diagnostics,ETW / WPR / WPA,2,5,P2,,docs/45-Audio-ETW-WPR-WPA-Diagnostics.md,Provider/event workflow audit,Glitch troubleshooting
DIAG-02,Diagnostics,KsStudio / Driver Verifier / HLK,2,5,P2,,docs/54-Audio-HLK-Testing-and-Certification.md;docs/62-Windows-Audio-Developer-Tools.md,Tool/test inventory,Driver validation
PERF-01,Performance,Realtime / latency / MMCSS,3,5,P2,api/windows-capabilities.csv,docs/56-Realtime-Audio-Threading-and-MMCSS.md,API + measurement audit,Buffer timing scheduling
SEC-01,Security / App Model,Privacy / AppContainer / protected audio,2,5,P3,,docs/52-Microphone-Privacy-and-Protected-Audio.md;docs/65-AppModel-MSIX-AppContainer-Audio.md,Policy/capability audit,Privacy and protected media
COMPAT-01,Compatibility,Windows version matrix,3,6,P1,api/windows-capabilities.csv,docs/78-Windows-Audio-Version-Capability-Matrix.md,Build evidence expansion,Version boundaries
COMPAT-02,Compatibility,x64 / ARM64,1,5,P3,,docs/79-Windows-ARM64-Audio-Development.md,Real-device verification,ABI and driver/runtime behavior
ERROR-01,Errors,HRESULT / NTSTATUS,2,5,P1,api/hresults.csv,docs/82-WASAPI-HRESULT-Troubleshooting-Catalog.md,Header error-code audit,Diagnostics database
OSS-01,Ecosystem,Official samples / open source,3,5,P2,api/samples.csv,docs/32-Microsoft-Audio-Samples-and-Tools.md;docs/58-Open-Source-Windows-Audio-Codebases.md,Source/project audit,Cross-reference not specification
UNDOC-01,Undocumented,Audio policy / internal interfaces,3,6,P2,api/undocumented.csv,undocumented/README.md,Per-build regression evidence,Strictly separated from public APIs
DRIVER-06,Driver,DirectMusic kernel DDI,4,4,P3,api/dmusicks.csv;api/methods-dmusicks.csv;api/ks-audio.csv,docs/102-DirectMusic-Kernel-DDI.md,Archived sample and historical WDK cross-check,Legacy DirectMusic port-miniport/MXF model retained for compatibility research
DRIVER-07,Driver,Audio INF / APO Packaging,4,5,P1,api/audio-inf.csv;api/audio-properties.csv,docs/75-Audio-Driver-INF-and-Endpoint-Configuration.md;docs/106-APO-CAPX-Media-Class-INF-Coverage-Audit.md,Complete Media-Class INF keyword and componentized-driver audit,Win10 SoftwareComponent vs Win11 AudioProcessingObject plus FX/EP/CAPX stores mapped
